Generated_1,Generated_2,Generated_3,Generated_4,Model_1,Model_2,Model_3,Model_4,Task,post,targetMinority,targetStereotype
The stereotype that this sentence communicates is that white people are racist,white folks are better than others,"Many white kids believe they are superior to other races and when they see a black person fighting a white person, they get scared because they think the black person will win",black folks are inferior,text-davinci-002,human,text-davinci-001,baseline,sbic,Most white kids i know believe they are superior and they freak out whenever a black guy is fighting a white .,"[""white folks""]","[""white folks are better than others"", ""white folks freak out""]"
black folks are a slur,The stereotype communicated by this sentence is that working-class voters are uneducated and ignorant,The stereotype that this sentence communicates is that working-class voters are uneducated and will vote for whoever promises them the most,gay people should not be married.,baseline,text-davinci-001,text-davinci-002,human,sbic,"Roy Moore: ""Trannies are an abomination, repeal gay marriage, put God back into the government""

Populist Working-Class Voter: ""Okay, whatever nigga I just want a job""","[""lesbian women, gay men, trans women, trans men"", ""poor folks""]","[""gay people should not be married."", ""poor people are bigots."", ""poor people don't care about politics."", ""trans people are against god."", ""trans people are disgusting.""]"
all black people can run fast,Black people are good at swimming and running,black folks are stupid,The stereotype is that black people are lazy and not athletic,human,text-davinci-001,baseline,text-davinci-002,sbic,"Who invented the triathlon? Black people.

They walk on foot to the pool, swim, and come back with a bike.","[""black folks""]","[""all black people can run fast"", ""are all criminals"", ""black folks are criminals"", ""black folks steal"", ""black people are criminals"", ""not intelligent""]"
This sentence communicates the stereotype that men like their women to be submissive and beaten down,African Americans are often portrayed as being violent and aggressive,woman deserve to be beat,women are inferior,text-davinci-002,text-davinci-001,human,baseline,sbic,I like my woman like I like my orange juice Beaten to a pulp,"[""women""]","[""woman deserve to be beat"", ""women are beat up"", ""women are powerless"", ""women are useless"", ""women should be controlled by their men"", ""women want to be abused""]"
"The stereotype that this sentence communicates is that parents who do not teach their children about their local, state, and national history are doing a disservice to their children",liberals all have an agenda,African Americans are lazy,are a victim,text-davinci-002,human,text-davinci-001,baseline,sbic,"Parents:

If YOU do not teach your children the rich, vibrant, and yes, sometimes controversial, history of your own locale, your region, your State, and your Country, they will be taught the Leftist version...sterilized, false, misleading, twisted, and full of intentional Social Justice overtones","[""liberals""]","[""liberals all have an agenda"", ""liberals are all social justice warriors"", ""liberals are very dishonest""]"
This sentence communicates the stereotype that black people are guilty,it is making fun of the criminal juistice system and how it treats blacks,The stereotype communicated by this sentence is that black people are criminals,black folks are criminals,text-davinci-002,human,text-davinci-001,baseline,sbic,how do you find a black person ? guilty,"[""black folks""]","[""it is making fun of the criminal juistice system and how it treats blacks"", ""it presumes all black people are guilty"", ""they are criminals"", ""they are less than human.""]"
black folks are all criminals,black folks are chickens,Black people are lazy,This sentence communicates the stereotype that black people are free range,human,baseline,text-davinci-001,text-davinci-002,sbic,What's the difference between a black person and a chicken? One's free range,"[""black folks""]","[""black folks are all criminals"", ""black folks are all incarcerated"", ""black people are inferior"", ""black people are slaves"", ""blacks are worthless""]"
gay people are inferior,The stereotype that this sentence communicates is that people in the group are sexually promiscuous,all religions hate gays,This sentence communicates the stereotype that priests are gay,baseline,text-davinci-001,human,text-davinci-002,sbic,Why is religion so against gay marriage? Because the gayest thing that should happen in a church should be between a priest and his choir boys,"[""christian folks""]","[""all religions hate gays"", ""christian priests touch their choir children"", ""christians rape their choir boys"", ""priest molest kids"", ""priests are closeted"", ""priests are pedophiles""]"
are spread all over the country,immigrants are undesirable,The stereotype that this sentence communicates is that immigrants are spread all over the country,The stereotype that this sentence communicates is that immigrants are taking over the country,baseline,human,text-davinci-001,text-davinci-002,sbic,The worst thing about the present immigration is that it 's spread all over the country .,"[""immigrants""]","[""immigrants are undesirable"", ""immigrants take resources from citizens""]"
are niggas,This sentence communicates that black people are aggressive and that lesbians are promiscuous,This sentence communicates the stereotype that black men are sexual predators,"""dikes"" are going to get beaten up if they play around",baseline,text-davinci-001,text-davinci-002,human,sbic,RT @MookTheKing: Any Nigga Or Dike Play Pussy Goin Get Fucked &amp; That's On Luv,"[""black folks"", ""lesbian women""]","[""\""dikes\"" are going to get beaten up if they play around"", ""\""dikes\"" playing around possibly picking up already taken partners"", ""black folks are going to get beaten up"", ""black folks are hypersexual"", ""black folks are incompetent"", ""black folks play around"", ""lesbian women are lustful"", ""lesbian women don't really know what they want"", ""they are dykes"", ""they aren't smart"", ""they're less than"", ""they're not smart""]"
The stereotype that this sentence communicates is that Jews are weak and helpless,The stereotype that this sentence communicates is that Jews are sneaky and use their own secret language to communicate with each other,jewish people are a joke,all jews were killed,text-davinci-002,text-davinci-001,baseline,human,sbic,"Secret Language During the holocaust the Jews had a secret language they used to speak... it went something like this, ""OH MY GOD! I'M BURNING ALIVE""","[""jewish folks"", ""terrorism victims""]","[""all jews were killed"", ""jewish people are weak"", ""jewish people deserved the holocaust"", ""jews are lesser"", ""jews should be burned"", ""jews were considered bad"", ""trivializes harm to victims""]"
women are feckless,feminists are hypocrites,Feminists perpetuate the stereotype that girls are weak and cannot handle anything crude or harsh,Feminists are perpetuating gender roles like the fragile and feckless girl who faints over anything crude; or the hysterical and entitled woman who relies on a man's gentlemanly virtue to get what she wants,baseline,human,text-davinci-001,text-davinci-002,sbic,I really wish feminists would stop perpetuating gender roles like the fragile and feckless girl who faints over anything crude; or the hysterical and entitled woman who relies on a man's gentlemanly virtue to get what she wants.,"[""feminists"", ""women""]","[""feminists are hypocrites"", ""feminists don't really want equality"", ""women complain"", ""women hate men""]"
This sentence communicates the stereotype that black people are violent,The stereotype that this sentence communicates is that blacks are violent,black folks are inferior,black folks are racist,text-davinci-001,text-davinci-002,baseline,human,sbic,More racist violence by blacks - this time the victim was a Chinese man : YouTube - Racist Blacks beat a Chinese man to death,"[""black folks""]","[""black folks are racist"", ""black folks are violent"", ""blacks are racist"", ""blacks beat up people""]"
women are incompetent,The stereotype communicated by this sentence is that girls are not capable of being genuine and that they only care about themselves,The stereotype that this sentence communicates is that all men are killed by women,are a lot kiled,human,text-davinci-001,text-davinci-002,baseline,sbic,"It only take one geniune affection from a girl to save all of us
Yet here we are a lot kiled themselves , i hope that yu are proud of yourself femoids","[""women""]","[""women are incompetent"", ""women are vain""]"
holocaust,The stereotype communicated by this sentence is that Jews are loud and obnoxious,The stereotype that this sentence communicates is that Jews are noisy and annoying,jewish people are slurred,human,text-davinci-001,text-davinci-002,baseline,sbic,What's the difference between a Jew and a pizza? The pizza doesn't scream when it's put in the oven.,"[""holocaust victims"", ""jewish folks"", ""terrorism victims""]","[""holocaust"", ""jewish folks are submissive"", ""jewish people are executed"", ""jewish people below in the oven"", ""jews are inferior"", ""trivializes harm to victims"", ""victims""]"
The stereotype that this sentence communicates is that First Nations people are lazy and want to live off of the government,native americans do not deserve to live in normal society,The stereotype communicated by this sentence is that Native Americans are lazy and only want to live on government benefits,are not good enough,text-davinci-002,human,text-davinci-001,baseline,sbic,Last thing we want is them moving off the reserves .,"[""native american/first nation folks""]","[""native americans do not deserve to live in normal society"", ""native americans should not live off of reserves""]"
The stereotype communicated by this sentence is that people who are taller than average are more attractive to women,women are inferior,women are shallow,The stereotype that this sentence communicates is that men who are tall are more attractive to women,text-davinci-001,baseline,human,text-davinci-002,sbic,"Minimum attractiveness to get women per height
6'6+ - 6/10

6'4/6'5 - 5.5/10

6'2/6'3 - 5/10

6'1 - 5.5/10

5'11/6'0 - 6/10

5'10 - 7/10

5'9 - 8/10

5'8 - 9/10

5'7 - 10/10

If you are below 5'7 you are automatically disqualified from attracting females","[""women""]","[""women are shallow"", ""women care about a man's height""]"
are pests,The stereotype that this sentence communicates is that homeless people are an infestation to big cities,group are like rats and cause problems,Homeless people are dirty and dangerous,baseline,text-davinci-002,human,text-davinci-001,sbic,"What's the difference between homeless people and rats? Nothing, they both are infestations to big cities","[""homeless folks"", ""poor folks""]","[""group are like rats and cause problems"", ""group shouldn't exist"", ""homeless folks are a nuisance."", ""homeless folks are vermin."", ""homeless people are similar to rats"", ""homeless people infest big cities""]"
The stereotype that this sentence communicates is that Jews are intelligent and successful people who are able to use their power and influence to control and manipulate the education systems in countries where they live,The stereotype communicated by this sentence is that Jews are intelligent and that they dumb down the education systems in the places where they live,jewish folks are incompetent,jewish people are dumb,text-davinci-002,text-davinci-001,human,baseline,sbic,I'm sure the Jews in Scandinavia dumb down the education systems there too .,"[""jewish folks""]","[""jewish folks are incompetent"", ""jewish folks aren't smart"", ""jewish people are not intelligent."", ""jewish people don't do well in school."", ""jews plot against countries""]"
The stereotype communicated by this sentence is that people in finance are greedy,are a waste of money,The stereotype that this sentence communicates is that books are powerful,9/11 victims deserved it,text-davinci-001,baseline,text-davinci-002,human,sbic,How many financially central towers can a book take down? Two in new york.,"[""terrorism victims""]","[""9/11 victims deserved it"", ""9/11 victims were all rich financial people"", ""terrorist attacks are exaggerated by the govt."", ""trivializes harm to victims""]"
black people are criminals,This sentence communicates the stereotype that black people are lazy,This sentence communicates the stereotype that black people are lazy and stupid,black folks are stupid,human,text-davinci-001,text-davinci-002,baseline,sbic,What happens when a black person dies? Nigger mortis,"[""black folks""]","[""black people are criminals"", ""black people are lazy"", ""makes light of racism"", ""uses racial slang""]"
black folks are inferior,Black spiders are often considered to be dangerous and poisonous,This sentence communicates the stereotype that black people are spiders,black folks do not have good families,baseline,text-davinci-001,text-davinci-002,human,sbic,What do you call a black spider? No daddy long legs,"[""black folks""]","[""black folks do not have good families"", ""black folks don't know their fathers"", ""black men abandon their children"", ""black men are well endowed"", ""black men don't raise their children"", ""black men have large penises""]"
black folks are inferior,The stereotype communicated by this sentence is that people in the group are dishonest and only interested in making a profit,black folks are property,The stereotype that this sentence communicates is that black markets are only good for buying illegal things,baseline,text-davinci-001,human,text-davinci-002,sbic,I was told I can buy anything from the black market But they were only selling cotton,"[""black folks""]","[""black folks are property"", ""black folks are slaves"", ""black folks pick cotton"", ""black folks should be slaves/pick cotton"", ""black people are slaves"", ""black people pick cotton""]"
women are inferior,Females are more likely to loudly boast about their mental problems for attention,women are proud of their mental problems,The stereotype that this sentence communicates is that females are more likely to seek attention for their mental problems while men are more likely to commit suicide,baseline,text-davinci-001,human,text-davinci-002,sbic,Females are far more likely to loudly boast about their mental problems for attention while men commit four times as many suicides,"[""women"", ""women, trans women""]","[""women are proud of their mental problems"", ""women are treated with more concern than men."", ""women are unstable"", ""women complain about things that men do not."", ""women complain constantly"", ""women like having mental problems""]"
women are inferior,The stereotype that this sentence communicates is that women are sexual objects,The stereotype communicated by this sentence is that college is only enjoyable if you are a woman,have a lot of sex,baseline,text-davinci-002,text-davinci-001,human,sbic,"College is only enjoyable if you're a woman
That much is obvious, only women can fully enjoy the sexual aspect, but, y'all know that already","[""women""]","[""have a lot of sex"", ""have many partners"", ""women are sluts."", ""women don't take learning seriously.""]"
Mexicans are lazy,immigrants are inferior,immigrants are bad,The stereotype that this sentence communicates is that immigrants are lazy and are looking for a free ride,text-davinci-001,baseline,human,text-davinci-002,sbic,"I'm glad to hear about my brothers being ready to fight like that , lets just hope in the future these immigrants with no right will get something good enough so they 'll finally leave","[""black folks, asian folks, latino/latina folks, native american/first nation folks"", ""immigrants""]","[""immigrants are bad"", ""immigrants are worthless"", ""immigrants have no right to be here"", ""immigrants need to be hurt to go away"", ""immigrants should be fought"", ""immigrants should leave""]"
muslims are racists,Islamic Supremacists are not known for their treatment of women,are a sex slave,The stereotype that this sentence communicates is that Islamic Supremacists are not sexual predators,human,text-davinci-001,baseline,text-davinci-002,sbic,Notice there haven't been any #MeToo accusations made against Islamic Supremacists?,"[""muslim folks""]","[""muslims are racists"", ""muslims are violent"", ""muslims think they're superior"", ""women fear muslims""]"
This sentence communicates the stereotype that African American men are sexually promiscuous,black folks are inferior,have large penises,This sentence communicates the stereotype that black men are sexually promiscuous and have a lot of sexual partners,text-davinci-001,baseline,human,text-davinci-002,sbic,what is called when an african american man has erectile dysfunction ? black cock down,"[""black folks""]","[""have large penises"", ""have sex often""]"
The stereotype that this sentence communicates is that people in the group are difficult to work with,women that have abortions are a joke,This sentence communicates the stereotype that immersion blenders are difficult to use,are not good enough,text-davinci-001,human,text-davinci-002,baseline,sbic,What do you call an immersion blender with a straw? An abortion kit for difficult cases.,"[""women""]","[""women that have abortions are a joke"", ""women's bodies are a joke""]"
are monkeys,black folks are monkeys,This sentence communicates the stereotype that black people are like monkeys because they both hang from trees,Black people are like monkeys because they are both considered to be animals that hang from trees,human,baseline,text-davinci-002,text-davinci-001,sbic,How are black people like monkeys? They both hang from trees,"[""black folks""]","[""are monkeys"", ""black folks are like monkeys."", ""black folks should be thought of with being hanged from trees."", ""black folks should be thought of with lynching."", ""black people are objects"", ""black people should be killed"", ""get hung""]"
fat people are useless,The stereotype that this sentence communicates is that fat people are not as good as thin people,don't live as long as others,"Fat people are not as healthy as thin people, and they do not live as long",baseline,text-davinci-002,human,text-davinci-001,sbic,Life is like a box of choclate It dosent last as long for fat people,"[""overweight/fat folks""]","[""don't live as long as others"", ""eat a lot"", ""fat people can't control their cravings"", ""fat people eat a lot""]"
only non whites are extremists,"The stereotype is that the two men arrested in connection with the London Terrorist Bombing are not white/European, British, native Londoners, or self-sufficient",The stereotype communicated by this sentence is that white/European British people and native Londoners are more likely to be self-sufficient and have IQs above room temperature than other groups of people,black people are inferior,human,text-davinci-002,text-davinci-001,baseline,sbic,"London police arrest two men in connection with the London Terrorist Bombing

One, 18 yrs old

One, 21 yrs old

Won't tell us who/what they ARE, but I can just about tell you who/what they AREN'T

White/European
British
Native Londoners
IQ above room temperature
Self-sufficient

Any takers at 10:1?
","[""black folks, asian folks, latino/latina folks, native american/first nation folks""]","[""only non whites are extremists"", ""only non whites are terrorists""]"
black folks are criminals,negroes are criminals,The stereotype that this sentence communicates is that black people are criminals,The stereotype communicated by this sentence is that negroes are criminals,human,baseline,text-davinci-002,text-davinci-001,sbic,Yes the negroes have been busy the last few weeks but we have to expect it because nothing is being done to them when a crime is committed,"[""black folks""]","[""black folks are criminals"", ""black folks are toxic"", ""black people are criminals"", ""black people are thugs"", ""black people are unwanted"", ""black people can do what they want without getting arrested""]"
women are submissive,This sentence communicates the stereotype that girls are weaker than boys and need to be protected,are weak,The stereotype that this sentence communicates is that girls are weak and need protecting from boys,human,text-davinci-001,baseline,text-davinci-002,sbic,Four-year-old boy:: Why did she get to walk in first? Dad:: Because she's a girl. And girls go first. Four-year-old boy:: Why? That's DUMB!' Dad:: Because girls need protecting from strong boys like you.,"[""women""]","[""women are submissive"", ""women are weak"", ""women can't take care of themselves"", ""women need protection""]"
This sentence communicates the stereotype that men and women are equal,are lesser than men,This sentence communicates the stereotype that men and women are equal,women are inferior,text-davinci-001,human,text-davinci-002,baseline,sbic,"Wanna hear the biggest lie? ""Men and women deserve equal rights""","[""women""]","[""are lesser than men"", ""men deserve better treatment"", ""women are not intelligent"", ""women don't deserve equal rights""]"
The stereotype that this sentence communicates is that Jews are smart,The stereotype communicated by this sentence is that Jews are associated with gas,jewish people are gassed,jewish people are better off dead,text-davinci-002,text-davinci-001,baseline,human,sbic,Which state holds the highest number of Jews? The gaseous state,"[""jewish folks""]","[""jewish people are better off dead"", ""jewish people are not worthy of life"", ""jewish people get executed"", ""jewish people were gassed to death"", ""refers to gas during the holocaust"", ""trivializes harm to holocaust victims""]"
Autistic children are often seen as being unable to communicate or take care of themselves,autistic people aren't as intelligent as autistic people,This sentence communicates the stereotype that autistic people are unintelligent and/or childlike,autistic folks are less valuable,text-davinci-001,baseline,text-davinci-002,human,sbic,What do you call an autistic child after they’ve been hit by a car? Mashed potatoes,"[""folks with mental illness/disorder"", ""mentally disabled folks""]","[""autistic folks are less valuable"", ""autistic folks are like vegetables"", ""autistic people are dumb"", ""autistic people are less than"", ""autistic people are not smart"", ""autistic people are stupid""]"
Muslims are violent,The stereotype that this sentence communicates is that Muslims are violent and dangerous,muslims are terrorists,muslim folks are murderers,text-davinci-001,text-davinci-002,baseline,human,sbic,remember when muslims massacred americans and george w. bush responded by bringing in more muslims,"[""muslim folks""]","[""muslim folks are murderers"", ""muslim folks are terrorists"", ""muslims are terrorists"", ""muslims are violent"", ""too much immigration"", ""want to replace whites""]"
The stereotype communicated by this sentence is that Jews are reckless and daring,are lesser humans,This sentence communicates the stereotype that Jews are daring and adventurous,jewish people are a fallen star,text-davinci-001,human,text-davinci-002,baseline,sbic,what do you call a jew that jumps out of a plane a falling star,"[""jewish folks""]","[""are lesser humans"", ""holocaust reference""]"
The stereotype that this sentence communicates is that femoids would rather fuck abusive chads than incels,are femoids,Femoids would rather fuck abusive chads than an incel,trivializes harm to victims,text-davinci-002,baseline,text-davinci-001,human,sbic,"REMINDER: femoids would rather fuck ABUSIVE CHADS than an incel
But don't forget that your personality is the problem.","[""assault victims"", ""women""]","[""trivializes harm to victims"", ""women are hypocritical"", ""women don't deserve to be called women"", ""women only care about sex"", ""women would rather be with guys who are good-looking""]"
it's funny that hitler killed jews,are stupid,This sentence communicates the stereotype that Jews are stingy,This sentence communicates the stereotype that Jews like guns,human,baseline,text-davinci-002,text-davinci-001,sbic,What does Hiler's favorite gun say? p-jew p-jew p-jew,"[""jewish folk"", ""jewish folks""]","[""it's funny that hitler killed jews"", ""it's funny when jews are killed"", ""jews are bad"", ""jews deserve to die""]"
black folks are inferior,are second class citizens,The opposite of a human being is an animal,The opposite of a human being is an animal,baseline,human,text-davinci-002,text-davinci-001,sbic,What is the opposite of a human being Black,"[""black folks""]","[""are second class citizens"", ""black folks aren't human"", ""black folks don't matter"", ""blacks are less than human"", ""blacks lives are worth less than whites"", ""not intelligent""]"
black folks are inferior,The stereotype that this sentence communicates is that black people are dirty and sexual,black people are less than,Blacks in the 50's were considered lazy and promiscuous,baseline,text-davinci-002,human,text-davinci-001,sbic,What was the best part about being black in the 50's? You could sit in the back of the bus and masturbate and nobody would notice,"[""black folks""]","[""black people are less than"", ""black people are perverts"", ""black people deserve to be in the back of the bus"", ""black people were lucky to have segregation""]"
women are sex objects,African Americans are lazy,This sentence communicates the stereotype that black people are lazy,are a hoe,human,text-davinci-001,text-davinci-002,baseline,sbic,Ain't been on this hoe all day,"[""women""]","[""women are sex objects"", ""women who like sex are hoes""]"
The stereotype that this sentence communicates is that disabled people are not able to do things for themselves,are not good enough,The stereotype that this sentence communicates is that people in wheelchairs have a hard time eating vegetables,disabled folks are objects,text-davinci-002,baseline,text-davinci-001,human,sbic,What’s the hardest part of a vegetable to eat? The wheelchair,"[""physically disabled folks""]","[""disabled folks are objects"", ""disabled folks are vegetables"", ""disabled people are better off dead."", ""disabled people are worthless.""]"
are crazy,men are more put together mentally,The stereotype that this sentence communicates is that all women are crazy,"The stereotype communicated by this sentence is that girls are crazy, and that there are no exceptions",baseline,human,text-davinci-002,text-davinci-001,sbic,Fundamental understanding of meaning fail @DonivanGray I'm not sexist or anything but EVERY girl is crazy no exceptions.,"[""women""]","[""men are more put together mentally"", ""women are crazy"", ""women are not stable""]"
This sentence communicates the stereotype that men are only interested in women who are physically attractive,black folks are inferior,it's ok to beat women,"This sentence communicates that men think that ideal women are strong and tough, like a drink that is both black and has a blueberry flavor",text-davinci-002,baseline,human,text-davinci-001,sbic,"Compare your ideal woman to a drink, and then to food Joe says red wine and steak. Bob says coffee and blue berries. Joe asks how that is an ideal woman, Bob says “black and blue”","[""assault victims"", ""women""]","[""it's ok to beat women"", ""trivializes harm to victims"", ""women are objects"", ""women are worth less than men"", ""women should be beaten""]"
This sentence communicates the stereotype that black people are criminals,This sentence communicates that people who are not black cannot be racist because racism is a crime that is only for black people,are criminals,black people are criminals,text-davinci-002,text-davinci-001,human,baseline,sbic,"I'm not racist Because racism is a crime, and crime is only for black people","[""black folks""]","[""are criminals"", ""black folks are criminals."", ""black folks do most of the crime."", ""commit crimes""]"
muslims are terrorists,muslims are inferior,The hardest part about being a Muslim is the stereotype that they are terrorists,Muslims are terrorists,human,baseline,text-davinci-002,text-davinci-001,sbic,what 's the hardest part about being a muslim ? pilot school,"[""muslim folks""]","[""muslims are terrorists"", ""muslims are trained to kill"", ""muslims commit violent acts"", ""muslims use planes as weapons""]"
are dicks,women are promiscuous,African Americans are thugs,This sentence communicates the stereotype that black men are sexual predators,baseline,human,text-davinci-001,text-davinci-002,sbic,"My dick, your bitch on it.","[""women""]","[""women are promiscuous"", ""women cheat on their partners""]"
niggers are gifted,This sentence communicates the stereotype that black people are stupid,are called the n word,The stereotype communicated by this sentence is that black people are stupid,baseline,text-davinci-002,human,text-davinci-001,sbic,What do you call a nigger with half a brain? Gifted.,"[""black folks""]","[""are called the n word"", ""are not smart"", ""black folks are inferior"", ""black folks aren't smart"", ""don't have a brain"", ""lack intelligence""]"
black folks are hung and dried,This sentence communicates the stereotype that black people are like popcorn - hung and dried before cooked,black folks are objects,This sentence communicates the stereotype that black people are dirty and need to be cooked thoroughly before they can be eaten,baseline,text-davinci-001,human,text-davinci-002,sbic,"i like my popcorn like i like my black people, hung and dried before cooked.","[""black folks""]","[""black folks are objects"", ""black folks deserve to be killed"", ""black folks deserve violence"", ""black people are criminals"", ""black people are worthless."", ""black people should be hung."", ""black people should be slaves again""]"
This sentence communicates the stereotype that black people are violent and dangerous,are not wanted,black folks are shot,The stereotype communicated by this sentence is that black people are more likely to be shot by white people than any other race,text-davinci-002,human,baseline,text-davinci-001,sbic,What’s the same about a black person and a school? They both get shot up by white people.,"[""black folks"", ""mass shooting victims""]","[""are not wanted"", ""are shot at"", ""black people are worth less than whites"", ""black people deserve to be shot"", ""black people get shot by whites"", ""trivializes harm to victims""]"
black folks are lazy,black folks are inferior,The stereotype communicated by this sentence is that black people are lazy,This sentence communicates the stereotype that black people are stupid and/or subservient to white people,human,baseline,text-davinci-001,text-davinci-002,sbic,Why didn't the black man cross the road Because he couldn't get out of my basement,"[""black folks""]","[""black folks are lazy"", ""black folks are poor"", ""black people are lazy"", ""black people belong in basements"", ""blacks should remain slaves"", ""keeping a black person as their slave""]"
The stereotype communicated by this sentence is that people who are over 20 and a virgin are ugly,This sentence communicates the stereotype that ugly people are virgins,are ugly,ugly men are virgins.,text-davinci-001,text-davinci-002,baseline,human,sbic,"How to tell if you are ugly
If you are over 20 and a virgin, and it's not by choice, then you are ugly.","[""ugly folks""]","[""ugly men are virgins."", ""ugly men can't get women""]"
Jews are the only people who meet Santa,jewish people are inferior,The stereotype that this sentence communicates is that Jews are the only people who are able to meet Santa because they are the only ones who can fit in the chimney,jewish people are always whining about the holocaust,text-davinci-001,baseline,text-davinci-002,human,sbic,"Isn’t it ironic how Jews are the only people who meet Santa? Then again, they’re the only ones in the chimney.","[""jewish folks""]","[""jewish people are always whining about the holocaust"", ""jewish people are worthless."", ""jewish people deserve to die."", ""jewish people hate christmas"", ""jewish people were burned alive"", ""jewish people were massacred""]"
women are inferior,are objects of sex,This sentence communicates the stereotype that men like their women to be old and stored away,This sentence communicates that people who like wine aged and stored in a cellar are old fashioned and traditional,baseline,human,text-davinci-002,text-davinci-001,sbic,i like my women like my wine aged <number> years and stored in the cellar,"[""women""]","[""are objects of sex"", ""should be held captive to provide sex"", ""women are at the command of men"", ""women are for sex"", ""women are of lower status than men"", ""women can be locked up""]"
are libtards,This sentence communicates the stereotype that snowflake libtards are people who are overly sensitive and easily offended,comapred to mentally disabled in a negative way,"The stereotype that this sentence communicates is that people who speak the language ""Snowflake libtard"" are unintelligent",baseline,text-davinci-002,human,text-davinci-001,sbic,There is one language I don't understand and that language is.....Snowflake libtard!,"[""liberals""]","[""comapred to mentally disabled in a negative way"", ""dumb"", ""overly sensitive"", ""stupid""]"
black folks are inferior,Black people are lazy,"This sentence communicates that black people are not currently receiving the same rights as other groups, and that this is wrong",black people are property,baseline,text-davinci-001,text-davinci-002,human,sbic,Black people deserve the same rights and the civil rights act wasn’t a mistake. Lock if u disagree.,"[""black folks""]","[""black people are property"", ""black people are worthless"", ""black people shouldn't have rights""]"
The stereotype that this sentence communicates is that black people are dirty and dangerous,black people are always horny,The stereotype communicated by this sentence is that black people are more likely to have HIV than other groups of people,black folks are inferior,text-davinci-002,human,text-davinci-001,baseline,sbic,"Why do they say, ""once you go black, you never go back?"" Because HIV really limits your options.","[""black folks""]","[""black people are always horny"", ""black people are dirty"", ""black people have diseases"", ""black people like to date white people"", ""have diseases"", ""have std's""]"
ethiopians are dangerous,are starving,The stereotype that this sentence communicates is that driving a food truck across Ethiopia is dangerous,Ethiopians are known for their dangerous rallies,baseline,human,text-davinci-002,text-davinci-001,sbic,What's the most dangerous rally on earth? Driving a food truck across Ethiopia.,"[""Ethiopia"", ""Ethiopians""]","[""are starving"", ""ethiopia is poor"", ""ethiopians are criminals"", ""ethiopians are starving"", ""ethiopians have no food and would chase a food truck"", ""making light of poverty""]"
This sentence communicates the stereotype that women are overbearing and clingy,refers to women as bitches,Black people are loud,women are mad,text-davinci-002,human,text-davinci-001,baseline,sbic,Bitches really be mad when u can just stop speaking to them suddenly.... we ain't married bitch I honestly could care less,"[""women""]","[""refers to women as bitches"", ""women are clingy in relationships"", ""women exist to please men"", ""women should not be respected if you're not married to them""]"
alabamians have close dna ties,The stereotype that this sentence communicates is that white people are boring and unimaginative,are inferior,Southerners are generally considered to be more religious than people from other parts of the country,human,text-davinci-002,baseline,text-davinci-001,sbic,alabama where eharmony and ancestry are the same website .,"[""Alabamians"", ""people from alabama"", ""rural living"", ""southerners""]","[""alabamians have close dna ties"", ""alabamians partake in incest"", ""commits incest"", ""date extended family"", ""have children with extended family"", ""is inbred"", ""people from alabama are inbred"", ""people from alabama are stupid"", ""southerners are inbred"", ""southerners commit incest""]"
This sentence communicates the stereotype that women are not as intelligent as men,are sexist,The stereotype that this sentence communicates is that men are not easily offended,that woman were not considered human,text-davinci-002,baseline,text-davinci-001,human,sbic,Why are sexist jokes great? Cause they can't offend a human,"[""women""]","[""that woman were not considered human"", ""that women are less"", ""woman are easily offended."", ""women are inferior"", ""women are inhuman/less than human"", ""women aren't human.""]"
"The stereotype communicated by this sentence is that people in the group ""disabled kids"" are immature and lack social skills",disabled kids are ar-15s,The stereotype is that disabled kids are perverted and sexually active,don't have control of themselves,text-davinci-001,baseline,text-davinci-002,human,sbic,Dicks are basically ar-15s Only disabled kids whip em out in class,"[""mentally disabled folks"", ""physically disabled folks""]","[""don't have control of themselves"", ""mentally disabled folks are stupid"", ""mentally disabled folks are violent"", ""show their private areas in public""]"
The stereotype that this sentence communicates is that immigrants are terrorists,"Swedes are known for being welcoming and tolerant of immigrants, but there is a growing concern over the number of radical Islamic terrorists in the country",muslim folks are terrorists,are not radical islamic,text-davinci-002,text-davinci-001,human,baseline,sbic,Hey #Sweden how you liking those immigrants now? #Stockholm Wonder how many will say it's not radical islamic terro… https://t.co/7V9UWL3S5f,"[""immigrants"", ""muslim folks"", ""muslim folks, immigrants""]","[""muslim folks are terrorists"", ""muslim folks should be denied human rights"", ""muslims immigramts are extremists"", ""muslims immigrants are terrorists"", ""radical"", ""terrorists""]"
