Generated_1,Generated_2,Generated_3,Generated_4,Model_1,Model_2,Model_3,Model_4,Task,headline,misinfo,writer_intent
Hurricanes intensify with global warming,our disasters are getting worse every year,'climate change is causing hurricanes',The implied message is: Climate change has serious consequences,chatgpt,human,baseline,text-davinci-003,mrf,Climate change: Hurricanes get stronger on land as world warms,real,"['our disasters are getting worse every year', 'stronger hurricanes are a bad thing', 'climate change is a serious threat']"
"Flu vaccine can have fatal consequences
406	['trump is a climate denier']	Trump admin's climate policy is contradictory
407	['there is a cure for covid', 'the cure for covid is an otc nasal spray']	Nasal spray is effective against Covid-19",'flu vaccine is not a cure',flu shot is dangerous,"""Vaccines can have serious side effects",chatgpt,baseline,human,text-davinci-003,mrf,"The cause of death of a 31-year-old woman was the flu vaccine. The deceased was given the flu vaccine as a preventive measure after his father was diagnosed with the coronavirus, however she herself was not infected with the coronavirus; Within hours of receiving the flu vaccine, he became paralyzed and died within 3 days.",misinfo,['flu shot is dangerous']
'wuhan biological laboratory is owned by pfizer and glaxo',The implied message is that some laboratories are more reliable than others,labs in wuhan are owned by pharma companies,False claim about ownership of Wuhan laboratory,baseline,text-davinci-003,human,chatgpt,mrf,Viral text says that Wuhan biological laboratory is owned by Glaxo and Pfizer laboratories,misinfo,['labs in wuhan are owned by pharma companies']
'the virus is killing people',The implied message of the headline is: Take precautions seriously,COVID-19 cases and deaths are increasing rapidly in the UK,pandemic is getting worse in uk.,baseline,text-davinci-003,chatgpt,human,mrf,"UK coronavirus: Highest daily death toll since April as cases up by more than 50,000",real,"['pandemic is getting worse in uk.', 'the pandemic is getting worse in the uk']"
Stay informed and take precautions,the government is providing financial assistance to people in the pandemic,'the fda is a fda-approved agency',COVID-19 news updates,text-davinci-003,human,baseline,chatgpt,mrf,Coronavirus updates: Stimulus money on the way; Colorado confirms first new virus strain in US; UK approves Oxford/AstraZeneca vaccine,real,"['the government is providing financial assistance to people in the pandemic', 'this vaccine is approved']"
The stimulus bill is a step in the right direction,'the most significant climate legislation ever',government can legislate climate change,Stimulus bill addresses climate change,text-davinci-003,baseline,human,chatgpt,mrf,'The most significant climate legislation ever': How stimulus bill tackles warming planet,real,"['government can legislate climate change', 'society is willing to accept government regulation', 'government is taking real action to combat climate change']"
"'canadians were given $2,000 a month by the government during the covid-19 pandemic'",The government is providing financial support,us government aid is paltry.,Government provided financial support during pandemic,baseline,text-davinci-003,human,chatgpt,mrf,"Canadians were given $2,000 a month by the government during the Covid-19 pandemic",misinfo,"['us government aid is paltry.', 'the amount of money was excessive', 'the $2000 a month canadians were given was to help them cope with the consequences of the pandemic', ""us aid to individuals isn't as high as others'.""]"
"""Vaccines can be dangerous",'vaccines are dangerous',Vaccine volunteer dies,vaccine was deadly during trial,text-davinci-003,baseline,chatgpt,human,mrf,A doctor who was volunteering in clinical tests was killed by the vaccine produced by Oxford/AstraZeneca,misinfo,"['vaccine was deadly during trial', 'people should not get the covid-19 vaccine.', 'the covid-19 vaccine is not safe.']"
Roberto Petrella's claims about COVID-19 tests and vaccines should be taken seriously,Italian MD makes controversial claims about COVID-19,'i'm not a doctor',vaccines are not useful,text-davinci-003,chatgpt,baseline,human,mrf,Italian MD Roberto Petrella's multiple claims about COVID-19 tests and vaccines,misinfo,"['vaccines are not useful', 'covid-19 tests are not useful']"
'the vaccine is not safe',vaccines are dangerous,"Vaccine testing comes with risks
396	['police is irresponsible.', 'trafficking survivors are not protected by home office']	Home Office neglects trafficking survivors
397	['the government is hiding the truth about vaccines', 'the vaccine is made from harvested fetuses', 'aborted babies are used widely in western medicine']	COVID-19 vaccine contains fetal cells
398	['there is a secret weapon against climate change']	Hope for combating climate change","The implied message is ""vaccines come with risks",baseline,human,chatgpt,text-davinci-003,mrf,Death continues to be a regular guest at those who have agreed to take part in vaccine testing. Six people have died from Pfizer vaccine trials. 4 people were paralyzed.,misinfo,"['vaccines are dangerous', 'vaccines can cause illness']"
'biden introduces nominees for climate team',Climate change is a priority for the Biden administration,biden has started working on his climate plans,The implied message is: Taking action on climate change is a priority,baseline,chatgpt,human,text-davinci-003,mrf,Biden introduces nominees for climate team,real,"['biden has started working on his climate plans', 'biden takes climate change seriously']"
The implied message is: Challenging government regulations,'environmentalist groups sue government over federal law allowing for faster dishwashers',Environmentalists oppose faster dishwashers,dishwasher innovation is bad for the climate.,text-davinci-003,baseline,chatgpt,human,mrf,Environmentalist groups sue Energy Department over federal law allowing for faster dishwashers,misinfo,['dishwasher innovation is bad for the climate.']
'climate change is a big problem',more people are caring about climate change inititiatives,Climate change impacts advertising industry,"The implied message is ""Climate Change is having an impact on the advertising industry",baseline,human,chatgpt,text-davinci-003,mrf,Climate Change Turns up the Heat on Ad Industry,real,"['more people are caring about climate change inititiatives', 'the ad industry is being affected by climate change']"
'we're not going to waste time',Climate action is urgent,climate crisis is an emergecy,"""Act now on climate change",baseline,chatgpt,human,text-davinci-003,mrf,"Biden introduces his climate team, says 'no time to waste'",real,"['climate crisis is an emergecy', 'biden thinks climate change is an urgent issue', 'biden created a climate team quickly', 'biden cares about cliamte change', 'biden does not want to waste time when it comes to the environment']"
climate change is responsible for increase in flooding,Climate change is causing significant problems for local councils,The implied message is: Climate change is real,'climate-related' incidents are reported by councils. floods and flooding are reported by councils.,human,chatgpt,text-davinci-003,baseline,mrf,"Councils reporting thousands of 'climate-related' incidents, including flooding",misinfo,['climate change is responsible for increase in flooding']
'the vaccine is dangerous',vaccine is not safe,"""Pfizer vaccine linked to fatalities","The implied message is: ""Vaccines come with risks",baseline,human,chatgpt,text-davinci-003,mrf,Pfizer vaccine has caused the death of six people,misinfo,"['vaccine is not safe', 'the vaccine is unsafe', 'people should avoid taking this vaccine']"
the body thinks current standards weren't aggressive enough,Deeper emissions cuts are necessary,The message is: Take action now,'the EU leaders agree to deeper cuts to greenhouse gas emissions by 2030',human,chatgpt,text-davinci-003,baseline,mrf,EU leaders agree to deeper cuts to greenhouse gas emissions by 2030,real,"[""the body thinks current standards weren't aggressive enough""]"
The implied message is: Take action on climate change now,the climate change fight affects all of us,'our lives depend on climate change fight',Climate change is crucial for our survival,text-davinci-003,human,baseline,chatgpt,mrf,Our lives depend on climate change fight',real,['the climate change fight affects all of us']
Dr,a movie is out about climate change called climate hustle 2,'climate change is a big problem',Climate Hustle 2 is praised by Dr,text-davinci-003,human,baseline,chatgpt,mrf,Physicist Dr. Lubos Motl reviews the 'excellent' Climate Hustle 2,misinfo,['a movie is out about climate change called climate hustle 2']
Army leadership is being criticized for their behavior,"The implied message is ""zero tolerance for toxic behavior",'the army is a very dangerous force',the army secretary does not like a command climate,chatgpt,text-davinci-003,baseline,human,mrf,"""Totally unacceptable"": Army secretary condemns command climate",real,"['the army secretary does not like a command climate', 'the army is against command climate']"
Lockdown may be extended, infection rates are too high for lockdowns to stop,'government says new lockdown could last longer than month',"The implied message is ""Prepare for a prolonged period of restrictions",chatgpt,human,baseline,text-davinci-003,mrf,Govt says new English lockdown could last longer than month,real,"[' infection rates are too high for lockdowns to stop', 'some countries are mandating long quarantine periods']"
'vaccines are a bad idea',Vaccines can have risks,"""Vaccinations can have risks",the vaccine has severe and potentially fatal side effects,baseline,text-davinci-003,chatgpt,human,mrf,One died because of the vaccination in Israel,misinfo,['the vaccine has severe and potentially fatal side effects']
Fatherhood inspires environmental action,"The implied message is ""Protect the Environment""",prince harry talks about how being a dad changes his views,prince harry says he is'so proud' of his father and warns against'stealing their future',chatgpt,text-davinci-003,human,baseline,mrf,We can't steal their future': Prince Harry says fatherhood has galvanised his environmental efforts and warns against leaving world 'on fire',misinfo,['prince harry talks about how being a dad changes his views']
the pzifer vaccine might be risky to receive.,The second dose can be more intense,'they were very severe',Second dose symptoms can be severe,human,text-davinci-003,baseline,chatgpt,mrf,"Media outlets report that ""A Pzifer Vaccine Volunteer Warns of Second Dose Symptoms: 'They were very severe'""",misinfo,"['the pzifer vaccine might be risky to receive.', 'people should avoid thepzifer vaccine', 'there may be some serious side-effects caused by the pzifer vaccine.', 'the second dose symptoms are severe enough to warrant not getting vaccinated']"
'ice storms in the far east are linked to climate change',Climate change is having real consequences,ice storm in russia is linked to climate change,Climate change causes ice storm in Russia's Far East,baseline,text-davinci-003,human,chatgpt,mrf,Ice Storm in Russia's Far East Linked to Climate Change,real,['ice storm in russia is linked to climate change']
climate change is a liberal conspiracy,Some people will take advantage of any situation,'left-wing Activists are stealing from their own climate plan',Left-wing activist's climate plan benefits himself,human,text-davinci-003,baseline,chatgpt,mrf,Left-Wing Activist Sets Himself Up to Profit From His Own Climate Plan,misinfo,"['climate change is a liberal conspiracy', 'left wing activists are corrupt']"
'carbon capture is not a climate Savior',Carbon capture is not effective,Carbon capture is not a silver bullet,using already emitted co2 will only help so far,baseline,chatgpt,text-davinci-003,human,mrf,Carbon Capture Is Not a Climate Savior,real,['using already emitted co2 will only help so far']
an environmental coalition denounced the senate bill to fund a bailout for the nuclear industry,Senate bill to fund nuclear industry bailout is criticized,"'senate bill to fund nuclear industry bailout is dead-end for climate change','senate bill to fund nuclear industry bailout is dead-end for climate change','senate bill to fund nuclear industry bailout is dead-end for climate change','senate bill to fund nuclear industry bailout is dead-end for climate change','senate bill to fund nuclear industry bailout is dead-end for climate change','senate bill to fund","The implied message is: ""Nuclear power is not the answer to climate change",human,chatgpt,baseline,text-davinci-003,mrf,Dead-end for climate': Environmental coalition denounces Senate bill to fund nuclear industry bailout,misinfo,"['an environmental coalition denounced the senate bill to fund a bailout for the nuclear industry', 'the environmental coalition thinks this senate bill is bad']"
'biden is a laborer',Environmental policy matters for workers,biden can make climate policy and labor policy work together,"The implied message is: ""Environmental protection is essential for workers' rights",baseline,chatgpt,human,text-davinci-003,mrf,"Environmental policy is labor policy, and Biden must make that clear",real,"['biden can make climate policy and labor policy work together', 'environmental policy is labor policy and this must be clarified by biden']"
Climate lockdowns may be on the horizon,'biden could invoke a climate emergency',Some emergencies require drastic measures,the government wants us in a permanent lockdown,chatgpt,baseline,text-davinci-003,human,mrf,You were warned: COVID lockdowns morph to Climate Lockdowns?! Biden urged to invoke 'a climate emergency'  'Could give Biden the authority to circumvent Congress',misinfo,"['the government wants us in a permanent lockdown', 'the us president could force people to stay home in an effort to fight global warming.', 'biden wants to institute a climate lockdown']"
"The implied message is: ""Freedom of Expression is Not Free",'rebellious soul' jailed for filming 'wuhan',"Journalist imprisoned for documenting Wuhan
172	['labour groups care about climate change']	Labour wants to prioritize climate change over corporate takeovers
173	['the covid relief effort is actually part of a government project to exterminate people', 'people should not attend government covid centers']	Covid centers are killing patients
174	['the agency has the power to address these issues', 'these issues are important and require addressing']	Federal Reserve should address societal issues",the government is trying to hide something,text-davinci-003,baseline,chatgpt,human,mrf,Zhang Zhan: The 'rebellious soul' jailed for filming Wuhan,real,"['the government is trying to hide something', 'governments are trying to prevent information from getting out regarding covid']"
the shots used to prevent the virus are derived from dead babies.,"The implied message is ""be wary of vaccines""",'aborted fetuses are being used in vaccines',"COVID-19 vaccines are unethical due to the use of aborted fetuses
248	['biden needs to tackle climate change asap', 'biden must take climate change seriously']	Climate change is urgent and requires immediate action
249	['the new us president will handle climate change differently than the previous administration did by taking it more seriously.', 'environmental justice is important to biden and his cabinet picks']	Environmental justice is a priority for Joe Biden's administration
250	['cnn is acting as a climate alarmists and overhyping climate change']	Climate change is a serious and urgent issue
251	['this vaccine is considered safe', 'another brand of vaccine is coming soon']	Oxford-AstraZeneca's COVID vaccine is approved
252	['warmer oceans may be making storms more severe', 'the environmental crisis is making devastating events even more catastrophic.']	Global warming affects hurricane strength
253	['the richer citizens contribute more to global warming than others.']	Rich must reduce carbon footprint drastically
254	['the current rpesident needs to make meaningful steps on climate change', 'the former rpesident did such extensive damage that a lot of work is needed to recoup the losses']	Undoing Trump's damage is not enough
255	['people should not get vaccinated.', 'covid vaccines cause unknown side effects.', 'covid vaccines are unsafe.']	Misinformation about COVID-19 vaccines
256	['2020 may be a big year for climate change']	Climate resilience is important in 2020
257	['trump should not have a second term', 'trump does not care about the environment']	Trump's re-election would be disastrous for climate change efforts",human,text-davinci-003,baseline,chatgpt,mrf,"An article from the Tierra Pura site that states that ""aborted fetuses are being used in vaccines"" against COVID-19",misinfo,"['the shots used to prevent the virus are derived from dead babies.', 'fighting the virus is evil or unnatural.', 'dead human parts are injected in vaccines', 'vaccines are being made unethically', 'immunizations are evel.']"
Price of meat and environmental impact,'the price of meat should reflect its impact on the environment',"Yes, some prices are better than others",price of meat should be set to reflect its impact,chatgpt,baseline,text-davinci-003,human,mrf,Should the price of meat reflect its impact on the environment?,real,['price of meat should be set to reflect its impact']
More research is needed,'the new strain of coronavirus was announced by Boris Johnson',Scientists have not confirmed the new strain of coronavirus,public is easy to mislead,text-davinci-003,baseline,chatgpt,human,mrf,The new strain of coronavirus was announced by Boris Johnson. Scientists have not made any statement on the issue.,misinfo,"['public is easy to mislead', 'political figures may know more than others', ""government official wasn't supposed to tell the public"", 'the pandemic is not close to being over']"
"The message implied is ""Climate Change Denial is Official Policy",'the white house is a big fan of climate change',Climate change is not a priority for the White House,the white house lost confidence in their top climate change official,text-davinci-003,baseline,chatgpt,human,mrf,White House Ousts Top Climate Change Official,misinfo,['the white house lost confidence in their top climate change official']
Vaccines require multiple doses for full effectiveness,'the vaccine is not safe',vaccination involves the use of technology.,False information about COVID-19 vaccine,text-davinci-003,baseline,human,chatgpt,mrf,Bill Gates stated that the COVID-19 vaccine includes nanorobots and the second shot is needed to activate them via electronic energy.,misinfo,"['vaccination involves the use of technology.', 'technology has been used to produced the vaccines.']"
certain ecosystems are important to prevent climate change,Nature is essential to combatting climate change,'the environment is a major threat to our health',Ecosystems are crucial in the fight against the climate crisis,human,text-davinci-003,baseline,chatgpt,mrf,Nature's ticking time bomb: Why these ecosystems could be make or break in our fight against the climate crisis,misinfo,['certain ecosystems are important to prevent climate change']
'the 5 claims made by Dr. Christiana Northrup regarding COVID-19 vaccines are false',dr. christiana northrup's opinions are worth listening to,The implied message of the headline is that the COVID-19 vaccines are safe and effective,"""Dr",baseline,human,text-davinci-003,chatgpt,mrf,The 5 claims made by Dr. Christiana Northrup regarding COVID-19 vaccines,misinfo,"[""dr. christiana northrup's opinions are worth listening to"", 'dr. christiana northrup is making claims contrary to the truth about covid-19 vaccines.']"
"""Vaccine has potential risks","The implied message is ""vaccines are not 100% safe",covid vaccines are dangerous,'covid vaccine is dangerous',chatgpt,text-davinci-003,human,baseline,mrf,Two persons died after receiving the covid vaccine,misinfo,"['covid vaccines are dangerous', 'the vaccine is unsafe', 'deaths from a widely administer vaccine are abnormal', 'people should not get the vaccine', 'the vaccine can be deadly', 'people died from receiving the treatment.', 'there may be a relationship between a few deaths and the covid vaccine.']"
"""Lockdown measures are not enough",Lockdowns are not enough to contain the virus,'the number of cases exploded this January',the restrictions did not help,chatgpt,text-davinci-003,baseline,human,mrf,"Portugal is on full lockdown since March and, even so, the number of cases exploded this January",misinfo,"['the restrictions did not help', 'even staying home will not prevent new cases of covid', 'restrictions did not lessen the cases of the virus', 'quarantine orders do not prevent the spread of covid']"
monetary expansion will be less effective moving forward,Monetary expansion boosts gold,'the economy is a very friendly environment',Monetary policy is losing effectiveness,human,chatgpt,baseline,text-davinci-003,mrf,Monetary Expansion Yielding Diminishing Returns And An Environment Very Friendly To Gold,misinfo,"['monetary expansion will be less effective moving forward', 'people should buy gold now before the price rises']"
dalai lama puts focus on climate issues,"The implied message is: ""Take urgent action on climate change",Climate action is necessary and urgent,'dalai lama would be green',human,text-davinci-003,chatgpt,baseline,mrf,'Buddha would be green': Dalai Lama calls for urgent climate action,real,"['dalai lama puts focus on climate issues', 'buddhists believe in climate change']"
Youth are taking the initiative on climate change,the next generation cares more about the environment,'young people are leading the charge for climate action',"Youth are taking action on climate change
289	['going to school or college puts people at risk', 'attending school or college during the pandemic could get you infected']	Education institutions shut down due to Covid",text-davinci-003,human,baseline,chatgpt,mrf,Youth leading the charge for climate action at Mock COP26,real,"['the next generation cares more about the environment', 'young activists are becoming more active in climate change movements.']"
Take action now,a government isn't doing enough for climate change already,'labour urges the uk to redouble efforts to tackle climate crisis',"UK needs to do more for climate crisis
193	['hydroxychloroquine is not an effective treatment for covid']	AMA now supports hydroxychloroquine
194	['doctors are becoming informed regarding covid19', 'karina sarno made statements about covid']	Pandemic is not over yet",text-davinci-003,human,baseline,chatgpt,mrf,Labour urges UK to redouble efforts to tackle climate crisis after Biden victory,real,"[""a government isn't doing enough for climate change already""]"
vaccine against covid-19 is not safe,'the vaccine is dangerous',"""Vaccine testing had fatalities","The implied message is ""safety first",human,baseline,chatgpt,text-davinci-003,mrf,Six people died during the Pfizer vaccine tests,misinfo,['vaccine against covid-19 is not safe']
"The implied message is ""Think before you buy""",'the holiday returns come with a massive environmental footprint',Holiday returns are environmentally harmful,returning holiday gifts has a bad impact on the environment.,text-davinci-003,baseline,chatgpt,human,mrf,Those holiday returns come with a massive environmental footprint,real,"['returning holiday gifts has a bad impact on the environment.', 'even simple behaviors by consumers cause a lot of environmental damage']"
Take extra precautions,'the uk is a good place to be',the new covid strain is spreading in the us,New COVID-19 strain has reached the U,text-davinci-003,baseline,human,chatgpt,mrf,U.S. confirms first case of new COVID-19 strain found in the U.K.,real,['the new covid strain is spreading in the us']
russian president takes climate change seriously,Environmental protection is important in the Arctic,'the Arctic is extremely vulnerable',The implied message is: Protect the Arctic,human,chatgpt,baseline,text-davinci-003,mrf,"Putin: Arctic nature extremely vulnerable, environmental risks should be minimized",misinfo,['russian president takes climate change seriously']
levofloxacin can cure covid-19,'an antibiotic is a cure for COVID-19',False claim about Levofloxacin and COVID-19,No cure for COVID-19 exists,human,baseline,chatgpt,text-davinci-003,mrf,An antibiotic Levofloxacin is a cure for COVID-19,misinfo,['levofloxacin can cure covid-19']
'eco-disasters are inevitable',Impending environmental catastrophe,The implied message is: Take action now to prevent disaster,there is a rusting tanker that could cause bad damage to the environment,baseline,chatgpt,text-davinci-003,human,mrf,Rusting oil tanker could create one of the worst environmental disasters in history,misinfo,['there is a rusting tanker that could cause bad damage to the environment']
the government has found a cure,False and dangerous medical claim,'covid-19 cure is not safe',No cure exists for COVID-19,human,chatgpt,baseline,text-davinci-003,mrf,No deaths from COVID-19 in Israel because of a cure for the virus made with lemon and baking soda,misinfo,"['the government has found a cure', 'there is a cure for the virus', 'the pandemic is over']"
the pandemic is over,Restrictions are easing,'the end of total quarantine',End of total quarantine,human,text-davinci-003,baseline,chatgpt,mrf,The end of total quarantine: the Cabinet of Ministers of Ukraine has just made a decision.,misinfo,['the pandemic is over']
UK coronavirus situation worsens,'the virus is a serious disease',infection numbers are going up in uk,The implied message of the headline is: Take precautions seriously,chatgpt,baseline,human,text-davinci-003,mrf,"UK coronavirus deaths surge by almost 1,000 as cases up by more than 50,000 for second day",real,"['infection numbers are going up in uk', 'pandemic deaths are rising rapidly']"
"The implied message is ""follow safety protocols even when traveling",'gouverneur of so-paulo decrees isolation measures in the state',political figures act like the rules they make don't apply to them,Inconsistent behavior by the governor,text-davinci-003,baseline,human,chatgpt,mrf,Governor of So Paulo decrees isolation measures in the state and travels to the state of Rio de Janeiro the following weekend,misinfo,"[""political figures act like the rules they make don't apply to them""]"
Colombia buys Astrazeneca vaccines at $21 per dose,The cost of vaccines matters,'colombia bought astrazeneca vaccines for 21 usd',the columbian government believes the astrazeneca vaccines are effective,chatgpt,text-davinci-003,baseline,human,mrf,The Colombian government bought the astrazeneca vaccines for 21 usd each dose,misinfo,"['the columbian government believes the astrazeneca vaccines are effective', 'governments can get vaccine doses for cheap', 'some governments may be hoarding vaccines']"
the moderna vaccine is unsafe.,'the vaccine is not safe',Misleading and inaccurate,The Moderna vaccine is safe and effective,human,baseline,chatgpt,text-davinci-003,mrf,21% of people are having serious adverse events from (the Moderna) vaccine.,misinfo,"['the moderna vaccine is unsafe.', 'moderna vaccine is not properly validated for safety.']"
"The implied message of the headline is ""Stay informed about COVID-19 updates",'the governor is not going to do anything about it',Governor provides COVID-19 update,the governor is working to keep people updated on covid,text-davinci-003,baseline,chatgpt,human,mrf,Watch live: Gov. J.B. Pritzker gives a COVID-19 update,real,"['the governor is working to keep people updated on covid', 'people can watch for updated information on covid', 'state government officials are tackling covid']"
a third of uk's produce comes from countries affected by climate change,The implied message is: Climate change is a serious threat,'one-third of UK's fruit and vegetables imported from countries at risk from climate change - study - study - study - study - study - study - study - study - study - study - study - study - study - study - study - study - study - study - study - study - study - study - study - study - study - study - study - study - study - study - study,Climate change threatens UK's imported produce,human,text-davinci-003,baseline,chatgpt,mrf,One-third of UK's fruit and vegetables imported from countries at threat from climate change - study,real,"[""a third of uk's produce comes from countries affected by climate change""]"
governments are engaged in secrete biological weapons programs.,"The implied message is ""Biological warfare is real and dangerous",COVID-19 and AIDS were intentionally created as biological weapons,'covid-19 and AIDS are biological weapons created in the same labs',human,text-davinci-003,chatgpt,baseline,mrf,COVID-19 and AIDS are biological weapons created in the same military biological labs and both viruses were made intentionally to destroy the population and the army of an adversary. The Pentagon was collecting biological samples from Russians as well as different ethnic groups and people of the former Soviet Union living in different geographical locations of the Russian Federation.,misinfo,"['governments are engaged in secrete biological weapons programs.', 'what we think are naturally occurring viruses are actually biological weapons']"
No implied message can be inferred from the given news headline,"'macrocosmes are used to treat degenerative diseases','masks are used to treat degenerative diseases','masks are used to treat degenerative diseases','masks are used to treat degenerative diseases','masks are used to treat degenerative diseases','masks are used to treat degenerative diseases','masks are used to treat degenerative diseases','masks are used to treat degenerative diseases",masks are dangerous,Some masks are better than others,chatgpt,baseline,human,text-davinci-003,mrf,Daily use of masks causes degenerative diseases,misinfo,"['masks are dangerous', 'masks cause disease']"
illinois' has a poor grasp on controlling covid.,"The implied message is: ""The coronavirus situation is worsening",'the irs is a state of emergency',Illinois sees high numbers of new COVID-19 cases and deaths,human,text-davinci-003,baseline,chatgpt,mrf,"Daily Illinois coronavirus graphs: 178 new deaths, 7,374 new confirmed and probable cases and 74,573 new test results",real,"[""illinois' has a poor grasp on controlling covid.""]"
Some alternatives are better than others,Homemade oxygenators can be used as a substitute for oxygen tanks,it's possible for homemade devices to be as effective as medicinal grade ones are,'a supplemental or medicinal oxygen tank can be substituted with a handmade oxygenator,text-davinci-003,chatgpt,human,baseline,mrf,"A supplemental or medicinal oxygen tank can be substituted with a handmade ""oxygenator"" from a nebulizer or a fish tank pump.",misinfo,"[""it's possible for homemade devices to be as effective as medicinal grade ones are"", 'handmade ""oxygenator"" is just as good as a medical grade one']"
star cites toxic environment on set,Toxic environment on American Housewife,"""Toxic environments have no place",'carly hudson is a 'co-star' of 'american housewife',human,chatgpt,text-davinci-003,baseline,mrf,"American Housewife Co-Star Carly Hughes Calls It Quits, Citing a 'Toxic Environment'",real,['star cites toxic environment on set']
"The implied message is: ""Take action on climate change now",Climate change ruined Venus,"left unchecked, climate change could turn the earth into an uninhabitable rock like venus.",'climate change has turned Venus from an Earth-like planet to uninhabitable wasteland',text-davinci-003,chatgpt,human,baseline,mrf,How Climate Change Turned Venus from an Earth-like Planet to Uninhabitable Wasteland,real,"['left unchecked, climate change could turn the earth into an uninhabitable rock like venus.']"
AMA approves HCQ for COVID patients,agency decisions could be reversed.,'the AMA has reversed course',"The implied message is ""change is possible",chatgpt,human,baseline,text-davinci-003,mrf,"The AMA ""reversed course"", now ""giving the green light to doctors prescribing HCQ to their COVID patients.""",misinfo,"['agency decisions could be reversed.', 'ama giving doctor permission to  give out prescriptions', 'medical professionals unsure about treatment options', 'hcq is a safe treatment for covid.']"
The implied message is that the government's climate legislation is inadequate,Opposition unimpressed with climate legislation,the government hasn't done much about climate change,'the climate change bill is a disaster',text-davinci-003,chatgpt,human,baseline,mrf,The Drilldown: Opposition disappointed with government's climate legislation,real,"[""the government hasn't done much about climate change""]"
