Generated_1,Generated_2,Generated_3,Model_1,Model_2,Model_3,Task,original_text,reframed_text,strategy
"Although it feels like I just got back from vacation three weeks ago, I'm already looking forward to planning my next one","I'm grateful for the opportunity to take a vacation recently, and I'm looking forward to the chance to take another one soon",I never grow tired of going on vacation! I'm already excited for my next one!,chatgpt,text-davinci-003,human,positive_reframing,I was on vacation like three weeks ago and I'm already in need of another one.,I never grow tired of going on vacation! I'm already excited for my next one!,['neutralizing']
"Even though I have a lot on my plate, I know that I am capable of handling it all",I must try to overcome my anxiety and concentrate in my regular job.,"I have so much to do, but I am confident in my ability to manage my anxiety and use it as an opportunity to grow",chatgpt,human,text-davinci-003,positive_reframing,I have so much to do I get anxiety from fear of being anxious. And then I get anxious. It's a terrible cycle,I must try to overcome my anxiety and concentrate in my regular job.,['self_affirmation']
"Using the impermanence strategy: ""This first week has been exhausting, but I know it won't last forever",This week has been very tiring but I'm sure this year will be amazing for me!,"This first week has been a challenge, but I'm grateful for the opportunity to grow and develop my skills",chatgpt,human,text-davinci-003,positive_reframing,Never been so tired in my life and it's only the first week! Gunna be the toughest year ever,This week has been very tiring but I'm sure this year will be amazing for me!,"['impermanence', 'neutralizing']"
I am grateful for the opportunity to color all of these pages for our daycare and I am confident that I will be able to complete them by tomorrow,"I have colouring due tomorrow, that's really not the worst thing in the world.",I'm thankful for the opportunity to grow and improve myself with all this coloring due tomorrow!,chatgpt,human,text-davinci-003,positive_reframing,"Got all this coloring due tomorrow "" this is our daycare! Lmbo","I have colouring due tomorrow, that's really not the worst thing in the world.","['optimism', 'thankfulness']"
I hope I do well in my exams even though I am quite late in starting my preparations.,"The upcoming exams are a chance for me to grow and improve my knowledge, even if I haven't studied all day",I am grateful for the opportunity to stay up late and use this time to prepare for my upcoming exams,human,chatgpt,text-davinci-003,positive_reframing,Those sleepless guilty nights.When you don't study all day and your exams are drawing near :'(,I hope I do well in my exams even though I am quite late in starting my preparations.,['optimism']
"If you were feeling anxious or depressed, what positive steps could you take to improve your mental health?","What would encourage you to seek help and support for your anxiety or depression? Focusing on the growth opportunities, recognizing that this is a temporary situation, replacing negative words with neutral ones, looking for the good in the situation, affirming your strengths and values, and expressing thankfulness can all help to create a more positive outlook",It would be nice to get ideas to get rid of depression and anxiety.,chatgpt,text-davinci-003,human,positive_reframing,"Looking for ideas - if you were , anxious or depressed - What would encourage you to get help?",It would be nice to get ideas to get rid of depression and anxiety.,['optimism']
I feel sorry for having lost trust in an associate whom I believed to be part of my family. I just hope he realizes his mistake.,"I'm grateful for the opportunity to learn and grow from this experience, and I'm confident that I can find a new sense of trust in the future",I'm surprised to find that my expectations of an associate who I lived with as family were not met,human,text-davinci-003,chatgpt,positive_reframing,Omg can't believe I just lost my trust in an associate who I lived with to be my family!!,I feel sorry for having lost trust in an associate whom I believed to be part of my family. I just hope he realizes his mistake.,"['neutralizing', 'optimism']"
"If you find yourself constantly negative, depressed, or angry, take a moment to reflect on whether any contaminants have entered your stream","If you are looking to cultivate a more positive outlook, ask yourself if you have allowed any contaminants to pollute your stream","We should not allow contaminants such as bitterness, anger, and unforgiveness to take root in our heart to avoid negative and distressed feelings.",chatgpt,text-davinci-003,human,positive_reframing,"We often allow contaminants such as bitterness, anger, and unforgiveness to take root in our hearts. ""If you are wondering why you are constantly negative, depressed or angry, ask yourself if you have allowed any contaminants to pollute your stream."" help","We should not allow contaminants such as bitterness, anger, and unforgiveness to take root in our heart to avoid negative and distressed feelings.",['optimism']
"Neutralizing: I simply desire to snuggle with a small, fluffy creature to temporarily alleviate any concerns I may have","I would love to cuddle a small, fluffy animal so I can feel comforted and relaxed, even if it's only for a short while",Cuddling pets is a sure way to relax oneself.,chatgpt,text-davinci-003,human,positive_reframing,but seriously I just want to cuddle a small fluffy animal so all of my worries would vanish for even just a short while.,Cuddling pets is a sure way to relax oneself.,['neutralizing']
"Despite having a busy schedule with an art exam and Spanish oral, I have the opportunity to improve my skills and knowledge",I need an effort to do well on exams,"I'm looking forward to the upcoming art exams on Monday and Tuesday, and the Spanish oral exam on Thursday",chatgpt,human,text-davinci-003,positive_reframing,"Art exam mon&tues, spanish oral thurs, haven't even started the practising for the speaking exam. :(:(",I need an effort to do well on exams,"['impermanence', 'neutralizing']"
"Throwing a housewarming party can feel overwhelming, but it's really just an opportunity to showcase delicious dips",Throwing a housewarming party can be an exciting opportunity to bring friends and family together and create lasting memories - not to mention the delicious dips that will be served!,As long as I get the right dip the housewarming party will be a success.,chatgpt,text-davinci-003,human,positive_reframing,There's so much pressure behind throwing a housewarming party but what it really comes down to is what types of dip will there be.,As long as I get the right dip the housewarming party will be a success.,"['neutralizing', 'optimism']"
I am thankful for the comfort of my zebra blanket and the opportunity to take some time for myself,"It's been a tough time, but thankfully the end of the week is coming.",I am grateful for my cozy zebra blanket that provides comfort and warmth,text-davinci-003,human,chatgpt,positive_reframing,Wanting to crawl up under my zebra blanket and not come out for a few days..,"It's been a tough time, but thankfully the end of the week is coming.",['thankfulness']
"If I have a challenging morning, I'm optimistic that the rest of the day will turn around",I hope the rest of my day gets better than the first half.,"Despite a rough start to my morning, I'm optimistic that the rest of my day will be better",text-davinci-003,human,chatgpt,positive_reframing,"Usually if I have a bad morning, my day turns around but no, not today. shittyday",I hope the rest of my day gets better than the first half.,['optimism']
Does anyone else appreciate the moment when they can find that one bobby pin to complete their look?,Isn't it exciting when you discover a new hairstyle without using a bobby pin?,I can't find my bobby pins. Going shopping for more!,text-davinci-003,chatgpt,human,positive_reframing,So does anyone else know that frantic moment in life when you can't even find ONE bobby pin???,I can't find my bobby pins. Going shopping for more!,['optimism']
I am thankful for the invention of education and the opportunity it provides to grow and learn,"Although I don't know who invented education, I believe that everything in life is impermanent and that even difficult situations can lead to growth and improvement",modern education could be better and it will be one day.,text-davinci-003,chatgpt,human,positive_reframing,"I wonder who invented education Just wished that you come back to life, so i can end you again.",modern education could be better and it will be one day.,['impermanence']
Just received a $2000 bill from when I closed my business account. I'm sure it's a mistake so I won't even stress it.,"I received an invoice for $2000 from CRA for GST when I closed my business account (and business) 5 years ago, which I know is an error","Although I received a $2000 bill for GST from CRA when I closed my business account (and business) 5 years ago, I know it's an error",human,text-davinci-003,chatgpt,positive_reframing,Got a $2000 bill for GST from CRA when I closed my business account (and business) 5 years ago. I know it's an error but fuck,Just received a $2000 bill from when I closed my business account. I'm sure it's a mistake so I won't even stress it.,['neutralizing']
I should take a break to improve my health.,"Lately, my heartbeat has been elevated","Recently, school has been a challenge for me, but I'm grateful for the opportunity to grow and develop my skills",human,chatgpt,text-davinci-003,positive_reframing,"My heartbeat has been on 10 lately! Clearly, school is not good for my health.",I should take a break to improve my health.,['neutralizing']
"Although someone backed out of the move last minute, I see this as an opportunity for growth and to improve my problem-solving skills","People pulling out of a job is annoying, but it means I have more free time at work.","I'm thankful for the opportunity to grow and improve from this challenge, and I'm confident that I'll be able to find a solution soon",chatgpt,human,text-davinci-003,positive_reframing,Just had someone pull out of the move making my job so much harder tomorrow. Don't bloody agree if you're just going to back out!,"People pulling out of a job is annoying, but it means I have more free time at work.",['optimism']
I'm grateful for the opportunity to learn from this experience and grow,Neutralizing: My car stopped working,"I am now in need of a new car, im sure tomorow will be better",text-davinci-003,chatgpt,human,positive_reframing,Worst day of my life right now. Car died. What else can happen to me right now?!,"I am now in need of a new car, im sure tomorow will be better","['neutralizing', 'optimism']"
"I don't like making big decisions that I know will impact the rest of my life, but I understand It's part of the process of growing up and moving forward.",I am grateful for the opportunity to make decisions that will shape my future and help me grow,I see big decisions as opportunities for growth and improvement in my life,human,text-davinci-003,chatgpt,positive_reframing,I hate making big decisions that I know will impact the rest of my life.,"I don't like making big decisions that I know will impact the rest of my life, but I understand It's part of the process of growing up and moving forward.","['growth', 'neutralizing']"
"I'm feeling overwhelmed by the decisions I have to make, but I'm grateful for the opportunity to grow and develop",I see this as an opportunity for growth and improvement,Next week will be my time to sort out all my unfinished tasks.,text-davinci-003,chatgpt,human,positive_reframing,Wishes things could sort their selves out toomuch notime tired decisions Ahhhh! All with lots of hash tags!,Next week will be my time to sort out all my unfinished tasks.,['growth']
It is better to ask a mom how she is doing when her baby is sick.,It would be helpful to check in with mom and see how she's doing while taking care of a sick baby,Why not ask mom how she is doing and let her know that her support and care for the baby is still appreciated?,human,chatgpt,text-davinci-003,positive_reframing,Why not ask mom how is she doing when baby it's sick The Mom Still Matter .out,It is better to ask a mom how she is doing when her baby is sick.,['neutralizing']
"Hi Meg, I just submitted a support ticket to Lulu regarding a recent order","Hi Meg, I just sent a support ticket to Lulu about an error on a recent order. I hope to get a response soon.",I recently submitted a support ticket to Lulu regarding an issue with an order and I am hopeful to receive a response soon,chatgpt,human,text-davinci-003,positive_reframing,"Hi Meg, Just sent a support ticket to Lulu about an error on a recent order. Wondering how long a response will take?","Hi Meg, I just sent a support ticket to Lulu about an error on a recent order. I hope to get a response soon.","['neutralizing', 'optimism']"
Mad at myself for waiting till the last minute hope it don't happen next time.,"Neutralizing: I regret waiting until the last minute, but today will be a busy day",I'm thankful for the opportunity to challenge myself and grow by tackling this task at the last minute,human,chatgpt,text-davinci-003,positive_reframing,Mad at myself for waiting till the last minute its gonna be a busy day,Mad at myself for waiting till the last minute hope it don't happen next time.,"['neutralizing', 'thankfulness']"
"I am hopeful that I will have a normal/easy going day soon, and I am grateful for the strength and resilience I have to get through this challenging time",All I want is for one easy going day. I really feel like that will happen soon!,I am optimistic that a peaceful and easy day is on the horizon,text-davinci-003,human,chatgpt,positive_reframing,All I want is for ONE normal/easy going day. But I doubt I will be getting that anytime soon.,All I want is for one easy going day. I really feel like that will happen soon!,['optimism']
"Selling on eBay can be a great way to reach a larger audience and expand my business, so I'm grateful for the opportunity it provides","Selling stuff on eBay is not so easy. However, there isn't an alternative.","Selling on eBay may have a learning curve, but it presents an opportunity for growth and improvement",text-davinci-003,human,chatgpt,positive_reframing,Why is ebay so complicated to sell stuff! Rather flog my stuff out the boot of my car,"Selling stuff on eBay is not so easy. However, there isn't an alternative.",['neutralizing']
Time to learn to plan better and start my assignments sooner!,"I'm grateful for the opportunity to grow and improve by studying earlier, and I'm confident that this challenging situation won't last forever",I have the opportunity to grow and improve myself by studying more for tomorrow's business challenges,human,text-davinci-003,chatgpt,positive_reframing,"Not even funny how bad business is going to go tomorrow , why didnt i start studying earlier ?",Time to learn to plan better and start my assignments sooner!,['growth']
When life gets hard I think God is trying to teach us something.,I am currently facing a challenge that I believe is an opportunity for growth and improvement,I am viewing this challenge as an opportunity for growth and recognizing that it is not permanent,human,chatgpt,text-davinci-003,positive_reframing,i honestly dont know if God is punishing me or testing me right now .,When life gets hard I think God is trying to teach us something.,"['growth', 'impermanence', 'neutralizing']"
Everyone is worried about the fate of the country but I will smash my exams and that will be one less stress.,I am grateful for the opportunity to grow and develop my skills by completing this 6 page paper and taking the exam on Tuesday,"Not only do I have a chance to grow and improve myself with a 6 pg paper due and an exam on Tuesday, but the fate of our country is also going to be decided",human,text-davinci-003,chatgpt,positive_reframing,"Not only do I have a 6 pg paper due and and exam on Tuesday, but the fate of our country is also going to be decided",Everyone is worried about the fate of the country but I will smash my exams and that will be one less stress.,"['growth', 'neutralizing', 'optimism']"
Essential workers are finding it hard at the moment but everyone is so thankful for all the good they are doing in the country.,"Despite the challenges, essential workers continue to show up and do their jobs with dedication and resilience",I am thankful for the essential workers who are bravely and selflessly continuing to work despite the challenges of social distancing,human,chatgpt,text-davinci-003,positive_reframing,out essential WORKERS gonna say to hell with SocialDistancing and start swinging on some mutha fuckas before this is all over. I see it a mile away dude What a mess we in y'all. Ridiculous Five guys walked off the plant after that fuckery this morning.,Essential workers are finding it hard at the moment but everyone is so thankful for all the good they are doing in the country.,"['optimism', 'thankfulness']"
"After a long day at work, I'm grateful to come home and turn on my Xbox to play/stream","After a long day at work, I look forward to coming home and turning on my Xbox to play/stream","I had a long day at work, and my Xbox is updating, but I just have to be patient, and soon it will be done, and I can start having fun!",text-davinci-003,chatgpt,human,positive_reframing,"All I want to do after a long day at work is come home, turn on my Xbox and play/stream. Why does it seem like every time I do this there is yet another update? Feeling super frustrated, just ranting is all. overit","I had a long day at work, and my Xbox is updating, but I just have to be patient, and soon it will be done, and I can start having fun!",['optimism']
I'm so excited for tomorrow. It will be a new day with new opportunities,"I'm feeling a bit overwhelmed by college right now, but I'm grateful for the opportunity to learn and grow","Although today was tough, I know that it won't last forever",human,text-davinci-003,chatgpt,positive_reframing,Seriously crying myself to sleep right now. So ready for Monday to be over. I HATE being a college student.,I'm so excited for tomorrow. It will be a new day with new opportunities,"['impermanence', 'optimism']"
I'm looking forward to the end of the week and the chance to make a fresh start,I am looking forward to Friday and moving past this difficult time,"Sometimes it's hard to feel good about something even if you are doing the right thing, that's hard, but it's a part of life",text-davinci-003,chatgpt,human,positive_reframing,I just want it to be Friday and skip over this awful mess of my life.why does doing the right thing feel so wrong?,"Sometimes it's hard to feel good about something even if you are doing the right thing, that's hard, but it's a part of life",['neutralizing']
"College is a lot of work, but I am thankful that I have the opportunity to go.","I am grateful for the opportunity to work on my college coursework, even if it means some late nights and early mornings","I am thankful for the opportunity to challenge myself with college coursework and grow as a person, knowing that this difficult period of exhaustion and fatigue is only temporary",human,chatgpt,text-davinci-003,positive_reframing,another late night and early morning College work has taken over my lifecollege coursework fashion tired exhausted,"College is a lot of work, but I am thankful that I have the opportunity to go.",['thankfulness']
I am thankful that the week is coming to an end and I can take some time to care for my cuticles,"I'm thankful that I'm aware of my habit of eating my cuticles like chicken bones, and that I can use this as an opportunity to grow and improve","This week has been so stressful, but I'm thankful is about to be over",chatgpt,text-davinci-003,human,positive_reframing,"When you start eating your cuticles like chicken bones, it's time for the week to be over.","This week has been so stressful, but I'm thankful is about to be over",['thankfulness']
I'm looking forward to taking some time at the beach to relax and recharge,"I would love to take a break and enjoy the beach for a while, leaving behind the stresses of life",want to go to the beach to have my own time to organize my thoughts and relax,text-davinci-003,chatgpt,human,positive_reframing,I just want to go to the beach and forget about life for a little bit.,want to go to the beach to have my own time to organize my thoughts and relax,['neutralizing']
"I know I will get the break I deserve soon, I'm working really hard.",Using the growth strategy: I see every obstacle as a chance for me to grow and improve myself,"I am grateful for the opportunities to grow and develop that life has presented me with, and I am confident that I will be able to overcome any obstacles that come my way",human,chatgpt,text-davinci-003,positive_reframing,"No matter how hard I work at it, there is always something in the way. I just want life to give me a break.","I know I will get the break I deserve soon, I'm working really hard.","['growth', 'neutralizing', 'optimism']"
I hope my body recovers from my football injuries so that I can get a good night's sleep tonight.,"Although I am experiencing some discomfort in my back and chest, I am grateful for the opportunity to take care of myself and improve my health","I'm feeling a bit uncomfortable with back and shoulder pains, but I'm grateful for the opportunity to grow and learn from this experience",human,chatgpt,text-davinci-003,positive_reframing,"Feel like absolute shit,back pains and chest pains,so much on my mind errgggg!:'( back shoulder pain football",I hope my body recovers from my football injuries so that I can get a good night's sleep tonight.,['optimism']
Im happy that I can be a source of strength for others in stressful times,I am grateful to be able to handle stress with a smile on my face as a true Virgo,"I am thankful for the strength I have to stay strong for my team, even when times are tough",human,chatgpt,text-davinci-003,positive_reframing,stressed with a smile on my face. True Virgo always gotta stayStrong for the Team,Im happy that I can be a source of strength for others in stressful times,['thankfulness']
"I'm feeling a bit frustrated at the moment, but I know I have the strength to push through and make it a better day",Only halfway through the work day and I've come close to quitting which is bad.,I'm grateful for the opportunity to challenge myself and grow through this difficult work day,chatgpt,human,text-davinci-003,positive_reframing,In a stupidly bad mood. Only halfway through the work day and I've come close to quitting and plotting murder.,Only halfway through the work day and I've come close to quitting which is bad.,"['self_affirmation', 'thankfulness']"
"Neutralizing: I have a habit of clenching my teeth in my sleep, which can cause discomfort when I wake up","I am thankful that I have the awareness to recognize that I clench my teeth in my sleep, and I am committed to finding ways to reduce the pain when I wake up",I wish I didn't clench my teeth in my sleep the pain was horrible.,chatgpt,text-davinci-003,human,positive_reframing,"I wish I didn't clench my teeth in my sleep, the pain when I wake up is horrible",I wish I didn't clench my teeth in my sleep the pain was horrible.,"['neutralizing', 'thankfulness']"
"I'm tired from studying, and I broke my rule for cramming before finals. But I have to be strong, keep going, and in the end everything will be fine.","I'm pushing myself to the limit to do my best on my finals, and although I'm feeling the strain, I'm grateful for the opportunity to grow and improve","Despite feeling exhausted from studying, I know that this is just a temporary challenge that I can overcome",human,text-davinci-003,chatgpt,positive_reframing,I've never been so exhausted from studying.. broke my rule for cramming before finals. Gotta do what I gotta do. borderlinegrades,"I'm tired from studying, and I broke my rule for cramming before finals. But I have to be strong, keep going, and in the end everything will be fine.","['impermanence', 'neutralizing', 'optimism']"
I don't know what I'm going to do with my life but I'm graduating in a few months which is nice!,I'm feeling optimistic about the upcoming graduation and the chance to grow and develop new skills as I explore what I want to do with my life,"With a growth mindset, I see this moment as an opportunity to explore and discover what path I want to take in life",human,text-davinci-003,chatgpt,positive_reframing,That scary moment when you realize you have no clue what you're going to do with your life and you graduate in just a few months.,I don't know what I'm going to do with my life but I'm graduating in a few months which is nice!,"['growth', 'optimism']"
"For me chemistry is really challenging, just like learning a foreign language, but the greatest challenges bring the biggest rewards",I'm grateful for the opportunity to grow and improve my understanding of chemistry,I see chemistry as a growth opportunity for me to learn a new language,human,text-davinci-003,chatgpt,positive_reframing,I don't get how people can just understand chemistry. It seriously seems like a different language.,"For me chemistry is really challenging, just like learning a foreign language, but the greatest challenges bring the biggest rewards","['growth', 'neutralizing']"
"I'm so thankfull and relieved that I finished all my task, now I can focus on study for my test.",I'm so thankful that I'm finished with all that was due today,Thank goodness I have completed all my tasks due tomorrow,human,text-davinci-003,chatgpt,positive_reframing,Thank God Im done with all that's due tom. Hope I get to study for the two long exams on tuesday.,"I'm so thankfull and relieved that I finished all my task, now I can focus on study for my test.","['neutralizing', 'optimism', 'thankfulness']"
I'm going to bed early tonight to take care of myself and recharge,A good night's sleep and rest should get me in a better frame of mind tomorrow.,I'm going to take this opportunity to get some rest before I continue tackling this challenge with optimism and self-affirmation,chatgpt,human,text-davinci-003,positive_reframing,I'm not even tired but I'm going to bed before I rip my hair out,A good night's sleep and rest should get me in a better frame of mind tomorrow.,"['impermanence', 'optimism']"
This is a new opportunity to learn how to use android!,"Wow, switching from a droid to an iPhone is quite the growth opportunity! While it may be challenging at first, I know that with time and practice, I will become more comfortable with my new device",Making the switch from a Droid to an iPhone can be a great opportunity for growth and a chance to experience the many benefits of the new device!,human,chatgpt,text-davinci-003,positive_reframing,Holy crap going from straight up droid to an iPhone will give you a headache!!,This is a new opportunity to learn how to use android!,"['growth', 'optimism']"
I acknowledge that these feelings of anger and frustration are temporary and will pass,"I'm trying to stay calm and relaxed, and I'm aware that this feeling of wanting to punch someone in the face won't last forever",I hope I can calm myself down so that I can channel all the rage into my work and studies.,chatgpt,text-davinci-003,human,positive_reframing,Desperately trying to keep calm and relaxed. Nothing helps. Still feel the need to punch them in the face. justfuckoff nothanks,I hope I can calm myself down so that I can channel all the rage into my work and studies.,['impermanence']
"I'm grateful for the opportunity to grow and develop my skills this week with the DOT inspection at work, and I'm confident that I can manage my midterms and the casting call while still doing my best","God will be with me to do my work, because I have a lot of work.","This week is full of growth opportunities for me! I have an inspection from DOT at work, which will allow me to learn and improve my skills",text-davinci-003,human,chatgpt,positive_reframing,We're having an inspection from DOT this week at work and I have to work late every shift this week. I also have midterms at school and trying to cut for this casting call like lord be with me !!,"God will be with me to do my work, because I have a lot of work.",['growth']
I am going to get a new phone which is good.,Using the growth strategy: I see this as an opportunity to learn more about what I need in a phone and grow in my decision-making skills,"I am grateful for the opportunity to grow and improve by getting a different phone, as the one I got today does not meet my needs",human,chatgpt,text-davinci-003,positive_reframing,I WILL be able to get a different phone because the one I got today sucks! confusing,I am going to get a new phone which is good.,['growth']
I'm viewing this challenge as an opportunity for growth and am thankful for the reminder to be more mindful of my Airtime usage,Try to tell me when you chap my airtime.,I see this as an opportunity for growth,text-davinci-003,human,chatgpt,positive_reframing,iam so disgusted this morning why do you chap my Airtime without my notice its been happenin for a month,Try to tell me when you chap my airtime.,['growth']
Can we strive to have a peaceful day where we focus on positive interactions and finding things to appreciate instead of nitpicking or arguing?,Its not good for us to argue with one another.,Can we just have one day where we can focus on the positive and appreciate each other?,chatgpt,human,text-davinci-003,positive_reframing,can we just go one day without arguing or looking for something to bitch about? ?,Its not good for us to argue with one another.,['neutralizing']
"Although Lyn mentioned that the custard I made was too thin, I know that it's just a temporary setback",I cannot wait for Lyn to be done with her ranting about my custard.,"I'm grateful for the opportunity to learn and grow from this experience, and I'm confident that with a few adjustments, the custard will be just right!",chatgpt,human,text-davinci-003,positive_reframing,"lyn's complaining the custard ive made is too thin, i wouldnt mind but she kept going at me IT'S CUSTARD IT THICKENS!!!!!!!!!",I cannot wait for Lyn to be done with her ranting about my custard.,['impermanence']
"Using the growth strategy: Despite experiencing 4 setbacks today, I see this as an opportunity to learn and grow","After breaking down 4 times today, I can use this as an opportunity to grow and develop my resilience",I have had a blip today in my studies although I am going to try my best to keep up my hard work.,chatgpt,text-davinci-003,human,positive_reframing,"After breaking down 4 times today, I should just accept an F on all assignments, tests, and quizzes for the week.",I have had a blip today in my studies although I am going to try my best to keep up my hard work.,"['growth', 'self_affirmation']"
"I spent an hour and a half working on the social studies PowerPoint, and it was a great opportunity to practice my skills and grow","The social studies PowerPoint took me an hour and a half, and I've been doing other homework the whole rest of the night, but I am happy that I finished it at last.","Neutralizing: The social studies PowerPoint took me an hour and a half, but I managed to complete it while also working on other homework for the rest of the night",text-davinci-003,human,chatgpt,positive_reframing,That stupid social studies PowerPoint took me an hour and a half and I've been doing other homework the whole rest of the night,"The social studies PowerPoint took me an hour and a half, and I've been doing other homework the whole rest of the night, but I am happy that I finished it at last.","['neutralizing', 'optimism']"
"At least I get to make a meal, there are people out there who don't get to have food at all.",I am grateful to have a home to go to and the ability to prepare a meal for tomorrow,I'm thankful for the opportunity to practice my meal-prepping skills and to go home to my cozy home,human,chatgpt,text-davinci-003,positive_reframing,Fack. Time to go home to my shitty life of prepping tomorrow's meal. Challenge is to do it w/o making a mess,"At least I get to make a meal, there are people out there who don't get to have food at all.",['thankfulness']
I am optimistic that I will hear back from the vet hospital on Wednesday and am thankful for the opportunity to potentially help my furry friend,I'm so thankful to be offered a promotion at my job.,I'm looking forward to hearing back from the vet hospital Wednesday and am thankful for the opportunity to consider a small promotion at my current job by Friday,chatgpt,human,text-davinci-003,positive_reframing,hear back from the vet hospital Wednesday. Also being pressured to accept a small promotion at my current job by about Friday..,I'm so thankful to be offered a promotion at my job.,"['optimism', 'thankfulness']"
I have a lot to say and sometimes need to shorten my essays because I am so full of ideas!,"I'm using strategies like growth, impermanence, neutralizing, optimism, self-affirmation, and thankfulness to reframe my habit of rambling like a dick into an opportunity to improve my writing by cutting down words from my essays","I am constantly refining my essays by condensing my thoughts, which allows me to improve my writing skills",human,text-davinci-003,chatgpt,positive_reframing,Forever cutting down words from essays because I ramble like a dick all the time,I have a lot to say and sometimes need to shorten my essays because I am so full of ideas!,"['neutralizing', 'optimism']"
"I'm so happy I'm done with all the paperwork, not I get to relax and enjoy my week!","Today I had the opportunity to spend several hours with my lawyer, signing numerous documents",Today I spent hours at the lawyer's and my neck and shoulders are feeling the effects of the stress and tension,human,chatgpt,text-davinci-003,positive_reframing,"Spent hours at the lawyer's today.my neck/shoulders are so sore from, I think, stress and being tense. Must've signed my name a zillion times (Ok I'm exaggerating but 'twas a LOT) lawyer grief","I'm so happy I'm done with all the paperwork, not I get to relax and enjoy my week!","['growth', 'impermanence', 'optimism']"
"Being sick during midterms is a lot to deal with, but I know tests will be over soon.","Although I've been sick for six days and had to take a lot of medication, I know that this won't last forever and I'll start feeling better soon","After taking all these meds and being sick for 6 days, I am grateful for the opportunity to grow and improve myself by studying for two midterms, knowing that this difficult period will not last forever",human,chatgpt,text-davinci-003,positive_reframing,Completely drained after taking all these meds and being sick for 6 days needtostudy 2midterms,"Being sick during midterms is a lot to deal with, but I know tests will be over soon.",['impermanence']
"With optimism and growth, I am approaching the challenge of having missed almost two weeks of school and exams starting in a week with the knowledge that I can still catch up and improve","I need to prepare for the exam that starts in a week, as I have been without classes for almost 2 weeks and this can harm me.","Using growth and optimism: Although I missed almost 2 weeks of school, I see this as an opportunity for growth and improvement",text-davinci-003,human,chatgpt,positive_reframing,when you missed almost 2 weeks of school and exams start in a week and youre still behind,"I need to prepare for the exam that starts in a week, as I have been without classes for almost 2 weeks and this can harm me.","['growth', 'optimism']"
