Results,Loader,Loader Assignment,Results Assignment,Domain,Task,Dataset,citep,Link to Dataset,Category,Tag,Subject,Task Type,#Classes,Input,Output,Size,Human Performance,Best Model Performance,Paper,Notes,Social factors or social dimensions (if applicable),Prompt Template,Running Time,Accuracy,Log InputOutput
✓,✓,Will,Will,Implicit Hate Speech,Classification,Latent Hatred,elsherief2021latent,https://huggingface.co/datasets/SALT-NLP/ImplicitHate,utterance,hate speech,political science,6-way classification,6,tweet,"hate category: grievance, incitement, inferiority, irony, stereotypical, threatening","6,346 tweets",,,https://arxiv.org/pdf/2109.05322.pdf,,Speaker / receiver,https://docs.google.com/document/d/1j4WfXQzj0gFHvjxHYbHDje3UoK_5P9Az0qovqemIi9o/edit?usp=sharing,,,
,✓,Caleb,Caleb,Hate Speech Implied Statement,Generation,Social Bias Inference Corpus,sap2020social,https://maartensap.com/social-bias-frames/,utterance,hate speech,psychology,Structured Generation,0,post: post that was annotated,targetStereotype: implied statement,"44,671 posts",,52.6 BLEU,https://arxiv.org/pdf/1911.03891.pdf,,Speaker / receiver,https://docs.google.com/document/d/1j4WfXQzj0gFHvjxHYbHDje3UoK_5P9Az0qovqemIi9o/edit?usp=sharing,,,
,✓,Caleb,Caleb,Misinformation Implied Statement,Generation,Misinfo Reaction Frames,gabriel2021misinfo,https://drive.google.com/drive/folders/1RGrwbnj-Z25OeU4S6Di_JzX07P_2TdtZ,utterance,misinformation,political science,Structured Generation,0,headline,writer_intent,60.68 BLEU-4 writer_intent; 37.22 effect_on_reader; 57.84 reader_action,,,https://arxiv.org/pdf/2104.08790.pdf,"news headlines focusing on global crises: the Covid-19 pandemic, climate change, and cancer",Speaker / receiver,https://docs.google.com/document/d/1j4WfXQzj0gFHvjxHYbHDje3UoK_5P9Az0qovqemIi9o/edit?usp=sharing,,,
,✓,Caleb,Caleb,Misinformation,Detection,Misinfo Reaction Frames,gabriel2021misinfo,https://drive.google.com/drive/folders/1RGrwbnj-Z25OeU4S6Di_JzX07P_2TdtZ,utterance,misinformation,political science,2-way classification,2,headline,gold_label,90.6 F1,,,https://arxiv.org/pdf/2104.08790.pdf,"news headlines focusing on global crises: the Covid-19 pandemic, climate change, and cancer",Speaker / receiver,https://docs.google.com/document/d/1j4WfXQzj0gFHvjxHYbHDje3UoK_5P9Az0qovqemIi9o/edit?usp=sharing,,,
✓,✓,Caleb,Will,Figurative Language,Explanation,FLUTE,chakrabarty2022flute,https://huggingface.co/datasets/ColumbiaNLP/FLUTE,utterance,figurative language,psychology,Free Text Generation,0,"hypothesis, premise",explanation,"~7,500",,,https://arxiv.org/pdf/2205.12404.pdf,"Explanations span Sarcasm, Simile, Metaphor, and Idioms. Although the authors used GPT-3 in the annotation loop, it was to generate the paraphrases, contradictions",,https://docs.google.com/document/d/1j4WfXQzj0gFHvjxHYbHDje3UoK_5P9Az0qovqemIi9o/edit?usp=sharing,,,
✓,✓,Caleb,Will,Figurative Language,Classification,FLUTE,chakrabarty2022flute,https://huggingface.co/datasets/ColumbiaNLP/FLUTE,utterance,figurative language,psychology,5-way classification,5,"hypothesis, premise","classification: sarcasm, simile, metaphor, idiom, creative paraphrase","~7,500",,,https://arxiv.org/pdf/2205.12404.pdf,,,https://docs.google.com/document/d/1j4WfXQzj0gFHvjxHYbHDje3UoK_5P9Az0qovqemIi9o/edit?usp=sharing,,,
✓,✓,Will,Jiaao,Humor,Detection,Humor Detection Dataset,weller2019humor,https://github.com/orionw/RedditHumorDetection,utterance,humor,psychology,2-way classification,2,text,humorous or not,"16,000 sentences",,93.0% accuracy,https://arxiv.org/abs/1909.00252,,Speaker / receiver; Communicative goal,,,,
,✓,Omar,Omar,Persuasion Strategy,Classification,Random Acts of Pizza,althoff2014ask,https://github.com/SALT-NLP/Persuasion_Strategy_WVAE,utterance,persuasion,psychology,6-way classification,6,text,"Evidence, Impact, Politeness, Reciprocity, Scarcity, Emotion",,,,https://aclanthology.org/N19-1364.pdf,Based on the Pizza Request Dataset: https://cs.stanford.edu/~althoff/raop-dataset/,,,,,
✓,✓,Caleb,Will,Political Ideology,Classification,Ideological Books Corpus,iyyer2014political,https://drive.google.com/file/d/1grwR6aiu96yrQKYtp66OaIpHlFKP7Ikk/view?usp=sharing,utterance,ideology,political science,3-way classification,3,sentence,"leaning: {lib, con, neutral}","4,062 sentences",,,https://people.cs.umass.edu/~miyyer/pubs/2014_RNN_framing.pdf,,,,,,
,✓,Omar,Omar,Emotion,Classification,Emotion Dataset,saravia2018carer,https://github.com/dair-ai/emotion_dataset,utterance,emotion,psychology,"8-way classification (alternatively, binary)",8,text,"anticipation, joy, trust, surprise, anger, fear, sadness, disgust",">600,000",,,https://aclanthology.org/D18-1404.pdf,,Social relation,,,,
✓,✓,Caleb,Will,Stance,Classification,SemEval 2016 Stance Detection for Twitter,mohammad2016semeval,https://www.saifmohammad.com/WebPages/StanceDataset.htm,utterance,stance,political science,3-way classification,3,"Target: ​legalization of abortion
Tweet: ​ A foetus has rights too! Make your voice heard.","{favor, against, none}","1250 annotations over 5 topics: atheism, climate change, hillary clinton, abortion, and the feminist movement",,,https://alt.qcri.org/semeval2016/task6/#,,,,,,
✓,✓,Caleb,Caleb,Dialect Feature,Classification,Indian English Dialect Features - ICE,demszky2020learning,https://github.com/google-research-datasets/indian-english-dialect-features/blob/main/ice_india_annotations.tsv,utterance,dialect,linguistics,multi-label classification over ~18 feature labels,18,utterance,list of dialect features,319,,,https://arxiv.org/pdf/2010.12707.pdf,,Speaker / receiver,,,,
✓,✓,Caleb,Will,Semantic Change,Detection,TempoWiC,loureiro-etal-2022-tempowic,https://github.com/cardiffnlp/tempowic,utterance,language change,linguistics,2-way classification,2,"tweet1, tweet2, word","1 (the word has the same meaning in the two tweets), 0 (the word has a different meaning in the two tweets)","3,297",,,https://aclanthology.org/2022.coling-1.296/,,,,,,
✓,✓,Will,Jiaao,Power Relationship,Detection,Wikipedia Talk Pages,danescu2012echoes,https://convokit.cornell.edu/documentation/wiki.html,conversation,power,sociology,2-way classification,2,all utterances from conversation with conversation_id ,is-admin: whether the speaker is an admin,"240,000 conversational exchanges",,,https://dl.acm.org/doi/pdf/10.1145/2187836.2187931?casa_token=I7Vq_3fStdwAAAAA:mGiaaQXcB1L_w59kPGS4Zr3rVQ43OT342CK9V6nyMRBeJuXX53BGreZQ418LnyH2G-7uklvvVCs,,Speaker / receiver; Social norms,Is {$speaker} an administrator (True or False)?,,,
✓,✓,Will,Will,Politeness,Detection,Stanford Politeness Corpus (Wikipedia),danescu2013computational,https://convokit.cornell.edu/documentation/wiki_politeness.html,conversation,politeness,psychology,3-way classification,3,utterance,"politeness 1=”polite”, 0=”neutral”, -1 = “impolite”.","4,353 utterances",,,https://arxiv.org/pdf/1306.6078.pdf,,Speaker / receiver; Social norms,Was this statement polite (True or False)?,,,
✓,✓,Will,Jiaao,Toxicity,Prediction,Conversations Gone Awry Dataset,zhang2018conversations,https://convokit.cornell.edu/documentation/awry.html,conversation,toxicity,,2-way classification,2,first utterance and reply in conversation,whether there is a later comment in the conversation with comment_has_personal_attack=True,"4,022 conversations",72% accuracy,,https://www.cs.cornell.edu/~cristian/Conversations_gone_awry_files/conversations_gone_awry.pdf,Data Split: 8:1:1 (400 test data points),Speaker / receiver; Context,,,,
,✓,Jiaao,Jiaao,Persuasion,Prediction,Persuasion For Good Corpus,wang2019persuasion,https://convokit.cornell.edu/documentation/persuasionforgood.html,conversation,persuasion,,2-way classification,2,(truncated) conversation,success: whether or not the persuadee donates to charity (donation_ee > 0),300 conversations,,,https://arxiv.org/pdf/1906.06725.pdf,"Can ChatGPT also give us an explanation for why something is persuasive in terms of valence, arousal, dominance, etc.",Speaker / receiver; Communicative goal,,,,
✓,✓,Will,Will,Discourse Acts,Classification,Coarse Discourse Sequence Corpus,zhang2017characterizing,https://convokit.cornell.edu/documentation/coarseDiscourse.html,conversation,discourse,,8-way classification,8,"text: textual content of the utterance, none if there is no body in the text","majority type: discourse action type by one of the following: question, answer, announcement, agreement, appreciation, disagreement, elaboration, humor",~9K threads,,,https://research.google/pubs/pub46055/,,,"Which of the following best characterizes the previous statement: question, answer, announcement, agreement, appreciation, disagreement, elaboration, or humor?",,,
,✓,Omar,Omar,Empathy,Detection,Talk Life + Mental Health Subreddits,sharma2020empathy,https://github.com/behavioral-data/Empathy-Mental-Health,conversation,empathy,,3-way classification,3,"(seeker post, response) + communication mechanism {Emotional Reactions, Interpretations, Explorations}","no communication (0), weak communication (1), or strong communication (2).",3085 reddit interactions,,,https://aclanthology.org/2020.emnlp-main.425.pdf,,Communicative goal,,,,
,✓,Caleb,Caleb,Character Trope,Classification,CMU Movie Summaries Corpus,chu2018learning,https://pralav.github.io/emnlp_personas/,document,personas,literature,72-label multi-label classification,72,summary (median length of approximately 176 words),character trope tags,"42,306 movie plot summaries extracted from Wikipedia ",,,https://arxiv.org/pdf/1810.08717.pdf,,,,,,
✓,✓,Caleb,Will,Political Ideology,Classification,Article-Bias-Prediction,baly2020we,https://github.com/ramybaly/Article-Bias-Prediction,document,ideology,political science,3-way classification,3,article,"{left, center, right}","28,000 articles",,,https://arxiv.org/pdf/2010.05338.pdf,,,,,,
,,Will,Will,Event,Extraction,WikiEvents,li2021document,https://github.com/raspberryice/gen-arg,document,events,history,67-label parsing,67,text,A set of extracted events following the KAIROS ontology. We may need a mapping from ChatGPT outputs to the KAIROS ontology for eval. The KAIROS event types are given as keys in the following dictionary: https://github.com/AVBelyy/SchemaBlocks/blob/539915f6dd9672b493e922e2c0ff5630e39b27b7/ontologies/kairos/kairos2framenet.js,,,,,"Get data by running `wget https://gen-arg-data.s3.us-east-2.amazonaws.com/wikievents/data/<split>.jsonl` for split={train, dev,test}.`",,,,,
✓,✓,Caleb,Caleb,Event Surprisal,Detection,Hippocorpus,sap2022quantifying,https://msropendata.com/datasets/0a83fb6f-a759-4a17-aaa2-fbac84577318,document,events,literature,parsing,2,summary,"sentence level parse of which sentences are indicative of new events (either major or minor), and for new events, which are most surprising",240 stories,,,https://maartensap.com/pdfs/sap2022quantifying.pdf,/hcV3-eventAnnotsAggOverWorkers.csv,,,,,